"No.","Time","Time Diff","Source","Destination","Protocol","Length","Info"
"1","0.000000","0.000000","107.8.187.112","192.168.2.3","UDP","62","14715  >  80 Len=20"
"2","0.000143","0.000143","203.62.159.193","192.168.2.3","UDP","62","14438  >  80 Len=20"
"3","0.000218","0.000075","57.89.141.104","192.168.2.3","UDP","62","14439  >  80 Len=20"
"4","0.000283","0.000065","47.90.68.105","192.168.2.3","UDP","62","14440  >  80 Len=20"
"5","0.000349","0.000066","73.68.112.100","192.168.2.3","UDP","62","14441  >  80 Len=20"
"6","0.000503","0.000154","132.70.167.106","192.168.2.3","UDP","62","14442  >  80 Len=20"
"7","0.000574","0.000071","240.12.93.187","192.168.2.3","UDP","62","14443  >  80 Len=20"
"8","0.000784","0.000210","36.24.72.62","192.168.2.3","UDP","62","14444  >  80 Len=20"
"9","0.000852","0.000068","107.165.96.81","192.168.2.3","UDP","62","14445  >  80 Len=20"
"10","0.000986","0.000134","144.161.110.23","192.168.2.3","UDP","62","14446  >  80 Len=20"
"11","0.001043","0.000057","116.109.57.77","192.168.2.3","UDP","62","14447  >  80 Len=20"
"12","0.001236","0.000193","70.111.189.125","192.168.2.3","UDP","62","14448  >  80 Len=20"
"13","0.001302","0.000066","251.142.235.118","192.168.2.3","UDP","62","14449  >  80 Len=20"
"14","0.001409","0.000107","201.189.220.185","192.168.2.3","UDP","62","14450  >  80 Len=20"
"15","0.001575","0.000166","223.94.89.152","192.168.2.3","UDP","62","14451  >  80 Len=20"
"16","0.001642","0.000067","5.212.167.70","192.168.2.3","UDP","62","14452  >  80 Len=20"
"17","0.001852","0.000210","159.152.151.93","192.168.2.3","UDP","62","14453  >  80 Len=20"
"18","0.001921","0.000069","231.103.144.215","192.168.2.3","UDP","62","14454  >  80 Len=20"
"19","0.002016","0.000095","58.159.109.32","192.168.2.3","UDP","62","14455  >  80 Len=20"
"20","0.002119","0.000103","125.89.121.160","192.168.2.3","UDP","62","14456  >  80 Len=20"
"21","0.002271","0.000152","241.200.47.247","192.168.2.3","UDP","62","14457  >  80 Len=20"
"22","0.002365","0.000094","156.32.179.181","192.168.2.3","UDP","62","14458  >  80 Len=20"
"23","0.002482","0.000117","25.109.111.238","192.168.2.3","UDP","62","14459  >  80 Len=20"
"24","0.002603","0.000121","211.66.21.36","192.168.2.3","UDP","62","14460  >  80 Len=20"
"25","0.002722","0.000119","191.221.105.109","192.168.2.3","UDP","62","14461  >  80 Len=20"
"26","0.013569","0.010847","67.111.236.165","192.168.2.3","UDP","62","14462  >  80 Len=20"
"27","0.013668","0.000099","0.53.241.231","192.168.2.3","UDP","62","14463  >  80 Len=20"
"28","0.013691","0.000023","228.121.32.23","192.168.2.3","UDP","62","14464  >  80 Len=20"
"29","0.013717","0.000026","129.5.146.187","192.168.2.3","UDP","62","14465  >  80 Len=20"
"30","0.013771","0.000054","253.70.189.89","192.168.2.3","UDP","62","14466  >  80 Len=20"
"31","0.013963","0.000192","52.236.187.151","192.168.2.3","UDP","62","14467  >  80 Len=20"
"32","0.014030","0.000067","116.100.108.238","192.168.2.3","UDP","62","14468  >  80 Len=20"
"33","0.014165","0.000135","64.157.185.89","192.168.2.3","UDP","62","14469  >  80 Len=20"
"34","0.014286","0.000121","223.255.189.86","192.168.2.3","UDP","62","14470  >  80 Len=20"
"35","0.014407","0.000121","55.116.81.77","192.168.2.3","UDP","62","14471  >  80 Len=20"
"36","0.014533","0.000126","47.36.101.20","192.168.2.3","UDP","62","14472  >  80 Len=20"
"37","0.014584","0.000051","127.19.105.116","192.168.2.3","UDP","62","14473  >  80 Len=20"
"38","0.014818","0.000234","90.32.148.46","192.168.2.3","UDP","62","14474  >  80 Len=20"
"39","0.014888","0.000070","166.126.85.32","192.168.2.3","UDP","62","14475  >  80 Len=20"
"40","0.014990","0.000102","255.185.185.166","192.168.2.3","UDP","62","14476  >  80 Len=20"
"41","0.015108","0.000118","165.224.28.210","192.168.2.3","UDP","62","14477  >  80 Len=20"
"42","0.015242","0.000134","150.46.46.28","192.168.2.3","UDP","62","14478  >  80 Len=20"
"43","0.015308","0.000066","187.224.12.180","192.168.2.3","UDP","62","14479  >  80 Len=20"
"44","0.015488","0.000180","77.179.167.247","192.168.2.3","UDP","62","14480  >  80 Len=20"
"45","0.015553","0.000065","253.77.135.108","192.168.2.3","UDP","62","14481  >  80 Len=20"
"46","0.015731","0.000178","166.223.206.112","192.168.2.3","UDP","62","14482  >  80 Len=20"
"47","0.015804","0.000073","242.188.107.206","192.168.2.3","UDP","62","14483  >  80 Len=20"
"48","0.015907","0.000103","89.57.239.5","192.168.2.3","UDP","62","14484  >  80 Len=20"
"49","0.016029","0.000122","55.252.126.223","192.168.2.3","UDP","62","14485  >  80 Len=20"
"50","0.016182","0.000153","68.96.11.89","192.168.2.3","UDP","62","14486  >  80 Len=20"
"51","0.016250","0.000068","67.100.163.85","192.168.2.3","UDP","62","14487  >  80 Len=20"
"52","0.019884","0.003634","159.100.187.127","192.168.2.3","UDP","62","14488  >  80 Len=20"
"53","0.019946","0.000062","11.186.47.253","192.168.2.3","UDP","62","14489  >  80 Len=20"
"54","0.019984","0.000038","111.21.207.73","192.168.2.3","UDP","62","14490  >  80 Len=20"
"55","0.020024","0.000040","206.103.124.98","192.168.2.3","UDP","62","14491  >  80 Len=20"
"56","0.020220","0.000196","100.241.189.180","192.168.2.3","UDP","62","14492  >  80 Len=20"
"57","0.020318","0.000098","191.127.124.92","192.168.2.3","UDP","62","14493  >  80 Len=20"
"58","0.020390","0.000072","228.247.123.185","192.168.2.3","UDP","62","14494  >  80 Len=20"
"59","0.020564","0.000174","207.202.14.19","192.168.2.3","UDP","62","14495  >  80 Len=20"
"60","0.020667","0.000103","0.235.0.93","192.168.2.3","UDP","62","14496  >  80 Len=20"
"61","0.020707","0.000040","111.252.101.67","192.168.2.3","UDP","62","14497  >  80 Len=20"
"62","0.020897","0.000190","0.189.183.249","192.168.2.3","UDP","62","14498  >  80 Len=20"
"63","0.020942","0.000045","121.73.67.19","192.168.2.3","UDP","62","14499  >  80 Len=20"
"64","0.021201","0.000259","240.96.12.107","192.168.2.3","UDP","62","14500  >  80 Len=20"
"65","0.021248","0.000047","55.185.185.67","192.168.2.3","UDP","62","14501  >  80 Len=20"
"66","0.021342","0.000094","142.150.144.19","192.168.2.3","UDP","62","14502  >  80 Len=20"
"67","0.021407","0.000065","197.231.70.109","192.168.2.3","UDP","62","14503  >  80 Len=20"
"68","0.021589","0.000182","165.67.137.239","192.168.2.3","UDP","62","14504  >  80 Len=20"
"69","0.021661","0.000072","57.0.197.197","192.168.2.3","UDP","62","14505  >  80 Len=20"
"70","0.022105","0.000444","185.171.189.229","192.168.2.3","UDP","62","14506  >  80 Len=20"
"71","0.022183","0.000078","165.68.62.42","192.168.2.3","UDP","62","14507  >  80 Len=20"
"72","0.022237","0.000054","36.73.130.188","192.168.2.3","UDP","62","14508  >  80 Len=20"
"73","0.022444","0.000207","62.137.148.151","192.168.2.3","UDP","62","14509  >  80 Len=20"
"74","0.022510","0.000066","85.112.251.19","192.168.2.3","UDP","62","14510  >  80 Len=20"
"75","0.022617","0.000107","110.28.32.171","192.168.2.3","UDP","62","14511  >  80 Len=20"
"76","0.027130","0.004513","208.6.157.78","192.168.2.3","UDP","62","14512  >  80 Len=20"
"77","0.030206","0.003076","111.42.187.201","192.168.2.3","UDP","62","14513  >  80 Len=20"
"78","0.030532","0.000326","85.21.187.215","192.168.2.3","UDP","62","14514  >  80 Len=20"
"79","0.030598","0.000066","137.101.163.62","192.168.2.3","UDP","62","14515  >  80 Len=20"
"80","0.030645","0.000047","72.135.67.105","192.168.2.3","UDP","62","14516  >  80 Len=20"
"81","0.031914","0.001269","157.67.51.12","192.168.2.3","UDP","62","14517  >  80 Len=20"
"82","0.031986","0.000072","58.236.2.167","192.168.2.3","UDP","62","14518  >  80 Len=20"
"83","0.032037","0.000051","112.162.93.247","192.168.2.3","UDP","62","14519  >  80 Len=20"
"84","0.032174","0.000137","247.85.96.192","192.168.2.3","UDP","62","14520  >  80 Len=20"
"85","0.032326","0.000152","111.240.114.238","192.168.2.3","UDP","62","14521  >  80 Len=20"
"86","0.032384","0.000058","204.111.77.105","192.168.2.3","UDP","62","14522  >  80 Len=20"
"87","0.032542","0.000158","165.67.135.2","192.168.2.3","UDP","62","14523  >  80 Len=20"
"88","0.032665","0.000123","0.188.2.146","192.168.2.3","UDP","62","14524  >  80 Len=20"
"89","0.032779","0.000114","124.152.198.90","192.168.2.3","UDP","62","14525  >  80 Len=20"
"90","0.033219","0.000440","111.253.183.165","192.168.2.3","UDP","62","14526  >  80 Len=20"
"91","0.033291","0.000072","213.16.64.162","192.168.2.3","UDP","62","14527  >  80 Len=20"
"92","0.033461","0.000170","166.137.98.2","192.168.2.3","UDP","62","14528  >  80 Len=20"
"93","0.033528","0.000067","93.185.189.111","192.168.2.3","UDP","62","14529  >  80 Len=20"
"94","0.033714","0.000186","0.144.47.121","192.168.2.3","UDP","62","14530  >  80 Len=20"
"95","0.033760","0.000046","32.39.62.135","192.168.2.3","UDP","62","14531  >  80 Len=20"
"96","0.033911","0.000151","181.103.86.247","192.168.2.3","UDP","62","14532  >  80 Len=20"
"97","0.034035","0.000124","180.167.255.101","192.168.2.3","UDP","62","14533  >  80 Len=20"
"98","0.034124","0.000089","105.185.12.0","192.168.2.3","UDP","62","14534  >  80 Len=20"
"99","0.034243","0.000119","36.16.121.81","192.168.2.3","UDP","62","14535  >  80 Len=20"
"100","0.034406","0.000163","39.163.229.110","192.168.2.3","UDP","62","14536  >  80 Len=20"
"101","0.034473","0.000067","67.229.166.148","192.168.2.3","UDP","62","14537  >  80 Len=20"
"102","0.034626","0.000153","185.137.251.224","192.168.2.3","UDP","62","14538  >  80 Len=20"
"103","0.034694","0.000068","65.21.62.112","192.168.2.3","UDP","62","14539  >  80 Len=20"
"104","0.034825","0.000131","157.135.221.14","192.168.2.3","UDP","62","14540  >  80 Len=20"
"105","0.034990","0.000165","144.152.107.188","192.168.2.3","UDP","62","14541  >  80 Len=20"
"106","0.035057","0.000067","179.96.105.47","192.168.2.3","UDP","62","14542  >  80 Len=20"
"107","0.035167","0.000110","89.121.186.93","192.168.2.3","UDP","62","14543  >  80 Len=20"
"108","0.035359","0.000192","53.104.96.5","192.168.2.3","UDP","62","14544  >  80 Len=20"
"109","0.035425","0.000066","212.212.144.39","192.168.2.3","UDP","62","14545  >  80 Len=20"
"110","0.035529","0.000104","67.39.206.156","192.168.2.3","UDP","62","14546  >  80 Len=20"
"111","0.035649","0.000120","109.186.19.89","192.168.2.3","UDP","62","14547  >  80 Len=20"
"112","0.051849","0.016200","14.204.193.108","192.168.2.3","UDP","62","14548  >  80 Len=20"
"113","0.051996","0.000147","28.104.83.67","192.168.2.3","UDP","62","14549  >  80 Len=20"
"114","0.052062","0.000066","188.58.157.240","192.168.2.3","UDP","62","14550  >  80 Len=20"
"115","0.052130","0.000068","19.136.94.242","192.168.2.3","UDP","62","14551  >  80 Len=20"
"116","0.052190","0.000060","81.231.32.118","192.168.2.3","UDP","62","14552  >  80 Len=20"
"117","0.052361","0.000171","118.185.209.162","192.168.2.3","UDP","62","14553  >  80 Len=20"
"118","0.052443","0.000082","187.58.185.141","192.168.2.3","UDP","62","14554  >  80 Len=20"
"119","0.052614","0.000171","73.132.129.77","192.168.2.3","UDP","62","14555  >  80 Len=20"
"120","0.052715","0.000101","47.85.240.165","192.168.2.3","UDP","62","14556  >  80 Len=20"
"121","0.052821","0.000106","160.62.119.110","192.168.2.3","UDP","62","14557  >  80 Len=20"
"122","0.052912","0.000091","215.67.0.42","192.168.2.3","UDP","62","14558  >  80 Len=20"
"123","0.053072","0.000160","144.179.160.70","192.168.2.3","UDP","62","14559  >  80 Len=20"
"124","0.053170","0.000098","109.137.53.121","192.168.2.3","UDP","62","14560  >  80 Len=20"
"125","0.053257","0.000087","51.129.12.121","192.168.2.3","UDP","62","14561  >  80 Len=20"
"126","0.053393","0.000136","47.69.206.179","192.168.2.3","UDP","62","14562  >  80 Len=20"
"127","0.053549","0.000156","101.162.129.179","192.168.2.3","UDP","62","14563  >  80 Len=20"
"128","0.053624","0.000075","179.180.181.46","192.168.2.3","UDP","62","14564  >  80 Len=20"
"129","0.053803","0.000179","165.181.132.251","192.168.2.3","UDP","62","14565  >  80 Len=20"
"130","0.053872","0.000069","103.229.67.144","192.168.2.3","UDP","62","14566  >  80 Len=20"
"131","0.053967","0.000095","197.58.77.103","192.168.2.3","UDP","62","14567  >  80 Len=20"
"132","0.054090","0.000123","156.96.185.209","192.168.2.3","UDP","62","14568  >  80 Len=20"
"133","0.054209","0.000119","125.104.12.11","192.168.2.3","UDP","62","14569  >  80 Len=20"
"134","0.054333","0.000124","107.80.132.72","192.168.2.3","UDP","62","14570  >  80 Len=20"
"135","0.054458","0.000125","156.121.252.108","192.168.2.3","UDP","62","14571  >  80 Len=20"
"136","0.055534","0.001076","228.8.2.19","192.168.2.3","UDP","62","14572  >  80 Len=20"
"137","0.055572","0.000038","21.130.150.191","192.168.2.3","UDP","62","14573  >  80 Len=20"
"138","0.055739","0.000167","70.251.57.14","192.168.2.3","UDP","62","14574  >  80 Len=20"
"139","0.055790","0.000051","85.70.251.77","192.168.2.3","UDP","62","14575  >  80 Len=20"
"140","0.056023","0.000233","204.30.14.240","192.168.2.3","UDP","62","14576  >  80 Len=20"
"141","0.056075","0.000052","179.11.161.167","192.168.2.3","UDP","62","14577  >  80 Len=20"
"142","0.056296","0.000221","231.126.70.169","192.168.2.3","UDP","62","14578  >  80 Len=20"
"143","0.056321","0.000025","20.148.67.239","192.168.2.3","UDP","62","14579  >  80 Len=20"
"144","0.056372","0.000051","111.20.221.162","192.168.2.3","UDP","62","14580  >  80 Len=20"
"145","0.056534","0.000162","53.231.215.4","192.168.2.3","UDP","62","14581  >  80 Len=20"
"146","0.056655","0.000121","23.247.2.98","192.168.2.3","UDP","62","14582  >  80 Len=20"
"147","0.056784","0.000129","149.151.107.143","192.168.2.3","UDP","62","14583  >  80 Len=20"
"148","0.056832","0.000048","151.124.165.47","192.168.2.3","UDP","62","14584  >  80 Len=20"
"149","0.056993","0.000161","42.189.125.105","192.168.2.3","UDP","62","14585  >  80 Len=20"
"150","0.057111","0.000118","150.203.235.101","192.168.2.3","UDP","62","14586  >  80 Len=20"
"151","0.057231","0.000120","223.70.192.213","192.168.2.3","UDP","62","14587  >  80 Len=20"
"152","0.057352","0.000121","111.28.8.171","192.168.2.3","UDP","62","14588  >  80 Len=20"
"153","0.057482","0.000130","64.108.200.5","192.168.2.3","UDP","62","14589  >  80 Len=20"
"154","0.057538","0.000056","47.39.183.101","192.168.2.3","UDP","62","14590  >  80 Len=20"
"155","0.057689","0.000151","224.127.114.94","192.168.2.3","UDP","62","14591  >  80 Len=20"
"156","0.057847","0.000158","70.156.198.146","192.168.2.3","UDP","62","14592  >  80 Len=20"
"157","0.057901","0.000054","224.119.13.111","192.168.2.3","UDP","62","14593  >  80 Len=20"
"158","0.058060","0.000159","96.189.197.2","192.168.2.3","UDP","62","14594  >  80 Len=20"
"159","0.058175","0.000115","106.104.201.125","192.168.2.3","UDP","62","14595  >  80 Len=20"
"160","0.058301","0.000126","143.179.135.198","192.168.2.3","UDP","62","14596  >  80 Len=20"
"161","0.058346","0.000045","103.148.4.16","192.168.2.3","UDP","62","14597  >  80 Len=20"
"162","0.059843","0.001497","207.249.77.185","192.168.2.3","UDP","62","14598  >  80 Len=20"
"163","0.059917","0.000074","85.189.114.137","192.168.2.3","UDP","62","14599  >  80 Len=20"
"164","0.060042","0.000125","93.105.213.130","192.168.2.3","UDP","62","14600  >  80 Len=20"
"165","0.060160","0.000118","179.32.110.52","192.168.2.3","UDP","62","14601  >  80 Len=20"
"166","0.060256","0.000096","103.255.27.152","192.168.2.3","UDP","62","14602  >  80 Len=20"
"167","0.060375","0.000119","30.169.62.67","192.168.2.3","UDP","62","14603  >  80 Len=20"
"168","0.060500","0.000125","152.144.251.68","192.168.2.3","UDP","62","14604  >  80 Len=20"
"169","0.060617","0.000117","161.247.185.62","192.168.2.3","UDP","62","14605  >  80 Len=20"
"170","0.060743","0.000126","13.89.77.70","192.168.2.3","UDP","62","14606  >  80 Len=20"
"171","0.060900","0.000157","8.51.137.253","192.168.2.3","UDP","62","14607  >  80 Len=20"
"172","0.060939","0.000039","64.77.146.101","192.168.2.3","UDP","62","14608  >  80 Len=20"
"173","0.061072","0.000133","77.88.188.104","192.168.2.3","UDP","62","14609  >  80 Len=20"
"174","0.061202","0.000130","8.39.229.239","192.168.2.3","UDP","62","14610  >  80 Len=20"
"175","0.061321","0.000119","251.130.67.103","192.168.2.3","UDP","62","14611  >  80 Len=20"
"176","0.061446","0.000125","185.202.42.241","192.168.2.3","UDP","62","14612  >  80 Len=20"
"177","0.061724","0.000278","150.156.165.200","192.168.2.3","UDP","62","14613  >  80 Len=20"
"178","0.061756","0.000032","57.151.104.70","192.168.2.3","UDP","62","14614  >  80 Len=20"
"179","0.061792","0.000036","179.193.62.238","192.168.2.3","UDP","62","14615  >  80 Len=20"
"180","0.061827","0.000035","104.60.119.179","192.168.2.3","UDP","62","14616  >  80 Len=20"
"181","0.074460","0.012633","189.150.60.105","192.168.2.3","UDP","62","14617  >  80 Len=20"
"182","0.083513","0.009053","236.58.57.58","192.168.2.3","UDP","62","14618  >  80 Len=20"
"183","0.083567","0.000054","47.207.163.70","192.168.2.3","UDP","62","14619  >  80 Len=20"
"184","0.083627","0.000060","161.62.107.239","192.168.2.3","UDP","62","14620  >  80 Len=20"
"185","0.083664","0.000037","189.57.28.200","192.168.2.3","UDP","62","14621  >  80 Len=20"
"186","0.083865","0.000201","223.203.241.57","192.168.2.3","UDP","62","14622  >  80 Len=20"
"187","0.083918","0.000053","162.203.70.215","192.168.2.3","UDP","62","14623  >  80 Len=20"
"188","0.084078","0.000160","20.28.241.55","192.168.2.3","UDP","62","14624  >  80 Len=20"
"189","0.084132","0.000054","206.152.72.58","192.168.2.3","UDP","62","14625  >  80 Len=20"
"190","0.084290","0.000158","70.187.121.121","192.168.2.3","UDP","62","14626  >  80 Len=20"
"191","0.087504","0.003214","73.207.4.189","192.168.2.3","UDP","62","14627  >  80 Len=20"
"192","0.087552","0.000048","58.181.213.36","192.168.2.3","UDP","62","14628  >  80 Len=20"
"193","0.087582","0.000030","58.231.191.162","192.168.2.3","UDP","62","14629  >  80 Len=20"
"194","0.087615","0.000033","42.212.188.32","192.168.2.3","UDP","62","14630  >  80 Len=20"
"195","0.087810","0.000195","81.107.109.235","192.168.2.3","UDP","62","14631  >  80 Len=20"
"196","0.087872","0.000062","94.69.107.247","192.168.2.3","UDP","62","14632  >  80 Len=20"
"197","0.088017","0.000145","125.119.119.187","192.168.2.3","UDP","62","14633  >  80 Len=20"
"198","0.088069","0.000052","36.251.137.161","192.168.2.3","UDP","62","14634  >  80 Len=20"
"199","0.088274","0.000205","180.179.213.255","192.168.2.3","UDP","62","14635  >  80 Len=20"
"200","0.088349","0.000075","60.90.94.151","192.168.2.3","UDP","62","14636  >  80 Len=20"
"201","0.088413","0.000064","207.185.66.144","192.168.2.3","UDP","62","14637  >  80 Len=20"
"202","0.088608","0.000195","241.106.92.21","192.168.2.3","UDP","62","14638  >  80 Len=20"
"203","0.088658","0.000050","129.25.125.149","192.168.2.3","UDP","62","14639  >  80 Len=20"
"204","0.088721","0.000063","162.94.181.42","192.168.2.3","UDP","62","14640  >  80 Len=20"
"205","0.088944","0.000223","215.213.179.189","192.168.2.3","UDP","62","14641  >  80 Len=20"
"206","0.089029","0.000085","25.142.114.137","192.168.2.3","UDP","62","14642  >  80 Len=20"
"207","0.089082","0.000053","179.239.239.93","192.168.2.3","UDP","62","14643  >  80 Len=20"
"208","0.089234","0.000152","30.101.185.104","192.168.2.3","UDP","62","14644  >  80 Len=20"
"209","0.089284","0.000050","180.215.137.251","192.168.2.3","UDP","62","14645  >  80 Len=20"
"210","0.089491","0.000207","137.197.47.207","192.168.2.3","UDP","62","14646  >  80 Len=20"
"211","0.089548","0.000057","144.70.141.12","192.168.2.3","UDP","62","14647  >  80 Len=20"
"212","0.089697","0.000149","96.231.2.88","192.168.2.3","UDP","62","14648  >  80 Len=20"
"213","0.089754","0.000057","81.67.93.228","192.168.2.3","UDP","62","14649  >  80 Len=20"
"214","0.089911","0.000157","171.4.136.238","192.168.2.3","UDP","62","14650  >  80 Len=20"
"215","0.090027","0.000116","144.0.238.129","192.168.2.3","UDP","62","14651  >  80 Len=20"
"216","0.090118","0.000091","70.185.171.132","192.168.2.3","UDP","62","14652  >  80 Len=20"
"217","0.090277","0.000159","137.105.203.28","192.168.2.3","UDP","62","14653  >  80 Len=20"
"218","0.090558","0.000281","144.247.85.252","192.168.2.3","UDP","62","14654  >  80 Len=20"
"219","0.090612","0.000054","253.64.19.146","192.168.2.3","UDP","62","14655  >  80 Len=20"
"220","0.090762","0.000150","253.2.209.51","192.168.2.3","UDP","62","14656  >  80 Len=20"
"221","0.090807","0.000045","242.25.239.187","192.168.2.3","UDP","62","14657  >  80 Len=20"
"222","0.091009","0.000202","185.114.207.62","192.168.2.3","UDP","62","14658  >  80 Len=20"
"223","0.091061","0.000052","58.96.185.162","192.168.2.3","UDP","62","14659  >  80 Len=20"
"224","0.091230","0.000169","73.107.39.58","192.168.2.3","UDP","62","14660  >  80 Len=20"
"225","0.091283","0.000053","121.124.89.132","192.168.2.3","UDP","62","14661  >  80 Len=20"
"226","0.091471","0.000188","89.187.223.255","192.168.2.3","UDP","62","14662  >  80 Len=20"
"227","0.091524","0.000053","105.144.88.32","192.168.2.3","UDP","62","14663  >  80 Len=20"
"228","0.091680","0.000156","181.19.189.231","192.168.2.3","UDP","62","14664  >  80 Len=20"
"229","0.091733","0.000053","58.19.239.251","192.168.2.3","UDP","62","14665  >  80 Len=20"
"230","0.091925","0.000192","109.169.223.12","192.168.2.3","UDP","62","14666  >  80 Len=20"
"231","0.091977","0.000052","4.89.189.98","192.168.2.3","UDP","62","14667  >  80 Len=20"
"232","0.092136","0.000159","221.238.14.110","192.168.2.3","UDP","62","14668  >  80 Len=20"
"233","0.092189","0.000053","107.189.229.2","192.168.2.3","UDP","62","14669  >  80 Len=20"
"234","0.092388","0.000199","135.2.253.19","192.168.2.3","UDP","62","14670  >  80 Len=20"
"235","0.092447","0.000059","111.148.135.239","192.168.2.3","UDP","62","14671  >  80 Len=20"
"236","0.092590","0.000143","46.251.151.123","192.168.2.3","UDP","62","14672  >  80 Len=20"
"237","0.092635","0.000045","251.165.104.132","192.168.2.3","UDP","62","14673  >  80 Len=20"
"238","0.092806","0.000171","152.121.60.67","192.168.2.3","UDP","62","14674  >  80 Len=20"
"239","0.092864","0.000058","186.101.62.8","192.168.2.3","UDP","62","14675  >  80 Len=20"
"240","0.093049","0.000185","143.223.127.57","192.168.2.3","UDP","62","14676  >  80 Len=20"
"241","0.093102","0.000053","210.223.135.2","192.168.2.3","UDP","62","14677  >  80 Len=20"
"242","0.093270","0.000168","85.200.106.241","192.168.2.3","UDP","62","14678  >  80 Len=20"
"243","0.093321","0.000051","165.213.171.114","192.168.2.3","UDP","62","14679  >  80 Len=20"
"244","0.093508","0.000187","187.32.211.96","192.168.2.3","UDP","62","14680  >  80 Len=20"
"245","0.093629","0.000121","39.20.111.181","192.168.2.3","UDP","62","14681  >  80 Len=20"
"246","0.093755","0.000126","166.207.160.255","192.168.2.3","UDP","62","14682  >  80 Len=20"
"247","0.093808","0.000053","215.255.156.104","192.168.2.3","UDP","62","14683  >  80 Len=20"
"248","0.094003","0.000195","251.70.186.238","192.168.2.3","UDP","62","14684  >  80 Len=20"
"249","0.094041","0.000038","215.98.77.169","192.168.2.3","UDP","62","14685  >  80 Len=20"
"250","0.094214","0.000173","220.229.14.81","192.168.2.3","UDP","62","14686  >  80 Len=20"
"251","0.094267","0.000053","107.107.169.51","192.168.2.3","UDP","62","14687  >  80 Len=20"
"252","0.094458","0.000191","92.16.67.130","192.168.2.3","UDP","62","14688  >  80 Len=20"
"253","0.094510","0.000052","183.253.106.203","192.168.2.3","UDP","62","14689  >  80 Len=20"
"254","0.094675","0.000165","104.165.181.146","192.168.2.3","UDP","62","14690  >  80 Len=20"
"255","0.094726","0.000051","165.85.110.240","192.168.2.3","UDP","62","14691  >  80 Len=20"
"256","0.094919","0.000193","89.159.110.202","192.168.2.3","UDP","62","14692  >  80 Len=20"
"257","0.094970","0.000051","181.73.51.146","192.168.2.3","UDP","62","14693  >  80 Len=20"
"258","0.095132","0.000162","25.143.253.20","192.168.2.3","UDP","62","14694  >  80 Len=20"
"259","0.095185","0.000053","191.108.203.83","192.168.2.3","UDP","62","14695  >  80 Len=20"
"260","0.095345","0.000160","183.94.100.42","192.168.2.3","UDP","62","14696  >  80 Len=20"
"261","0.095402","0.000057","160.107.187.107","192.168.2.3","UDP","62","14697  >  80 Len=20"
"262","0.095596","0.000194","55.105.73.8","192.168.2.3","UDP","62","14698  >  80 Len=20"
"263","0.095653","0.000057","249.107.107.251","192.168.2.3","UDP","62","14699  >  80 Len=20"
"264","0.095804","0.000151","165.121.251.201","192.168.2.3","UDP","62","14700  >  80 Len=20"
"265","0.096294","0.000490","200.189.191.179","192.168.2.3","UDP","62","14701  >  80 Len=20"
"266","0.096352","0.000058","185.152.105.12","192.168.2.3","UDP","62","14702  >  80 Len=20"
"267","0.096507","0.000155","107.16.52.107","192.168.2.3","UDP","62","14703  >  80 Len=20"
"268","0.096562","0.000055","70.206.185.185","192.168.2.3","UDP","62","14704  >  80 Len=20"
"269","0.096959","0.000397","235.109.36.85","192.168.2.3","UDP","62","14705  >  80 Len=20"
"270","0.096996","0.000037","93.24.104.53","192.168.2.3","UDP","62","14706  >  80 Len=20"
"271","0.097136","0.000140","47.119.19.8","192.168.2.3","UDP","62","14707  >  80 Len=20"
"272","0.097192","0.000056","144.106.163.70","192.168.2.3","UDP","62","14708  >  80 Len=20"
"273","0.097398","0.000206","125.143.213.42","192.168.2.3","UDP","62","14709  >  80 Len=20"
"274","0.097452","0.000054","159.252.204.220","192.168.2.3","UDP","62","14710  >  80 Len=20"
"275","0.097630","0.000178","224.200.16.203","192.168.2.3","UDP","62","14711  >  80 Len=20"
"276","0.097667","0.000037","211.109.101.14","192.168.2.3","UDP","62","14712  >  80 Len=20"
"277","0.097882","0.000215","186.53.181.33","192.168.2.3","UDP","62","14713  >  80 Len=20"
"278","0.097931","0.000049","202.200.86.42","192.168.2.3","UDP","62","14714  >  80 Len=20"
"279","0.098027","0.000096","137.70.103.161","192.168.2.3","UDP","62","14716  >  80 Len=20"
"280","0.098210","0.000183","81.151.85.68","192.168.2.3","UDP","62","14717  >  80 Len=20"
"281","0.098264","0.000054","148.239.111.121","192.168.2.3","UDP","62","14718  >  80 Len=20"
"282","0.098399","0.000135","57.206.57.202","192.168.2.3","UDP","62","14719  >  80 Len=20"
"283","0.098451","0.000052","52.165.21.215","192.168.2.3","UDP","62","14720  >  80 Len=20"
"284","0.098640","0.000189","36.179.181.78","192.168.2.3","UDP","62","14721  >  80 Len=20"
"285","0.098692","0.000052","111.187.28.60","192.168.2.3","UDP","62","14722  >  80 Len=20"
"286","0.098890","0.000198","58.23.180.0","192.168.2.3","UDP","62","14723  >  80 Len=20"
"287","0.098947","0.000057","206.83.72.67","192.168.2.3","UDP","62","14724  >  80 Len=20"
"288","0.099101","0.000154","106.185.52.185","192.168.2.3","UDP","62","14725  >  80 Len=20"
"289","0.099154","0.000053","47.20.135.19","192.168.2.3","UDP","62","14726  >  80 Len=20"
"290","0.099312","0.000158","103.169.12.67","192.168.2.3","UDP","62","14727  >  80 Len=20"
"291","0.099364","0.000052","151.213.189.146","192.168.2.3","UDP","62","14728  >  80 Len=20"
"292","0.099554","0.000190","121.151.206.253","192.168.2.3","UDP","62","14729  >  80 Len=20"
"293","0.099606","0.000052","119.58.150.8","192.168.2.3","UDP","62","14730  >  80 Len=20"
"294","0.099763","0.000157","98.67.25.215","192.168.2.3","UDP","62","14731  >  80 Len=20"
"295","0.099817","0.000054","111.189.107.114","192.168.2.3","UDP","62","14732  >  80 Len=20"
"296","0.100159","0.000342","96.25.72.249","192.168.2.3","UDP","62","14733  >  80 Len=20"
"297","0.100212","0.000053","121.86.85.16","192.168.2.3","UDP","62","14734  >  80 Len=20"
"298","0.100409","0.000197","67.132.203.208","192.168.2.3","UDP","62","14735  >  80 Len=20"
"299","0.100462","0.000053","211.239.191.144","192.168.2.3","UDP","62","14736  >  80 Len=20"
"300","0.100621","0.000159","19.124.70.80","192.168.2.3","UDP","62","14737  >  80 Len=20"
"301","0.100679","0.000058","116.77.152.62","192.168.2.3","UDP","62","14738  >  80 Len=20"
"302","0.100846","0.000167","186.14.137.21","192.168.2.3","UDP","62","14739  >  80 Len=20"
"303","0.100899","0.000053","180.183.130.111","192.168.2.3","UDP","62","14740  >  80 Len=20"
"304","0.101082","0.000183","239.187.185.77","192.168.2.3","UDP","62","14741  >  80 Len=20"
"305","0.101118","0.000036","107.33.251.2","192.168.2.3","UDP","62","14742  >  80 Len=20"
"306","0.101292","0.000174","202.67.132.107","192.168.2.3","UDP","62","14743  >  80 Len=20"
"307","0.101345","0.000053","32.121.179.251","192.168.2.3","UDP","62","14744  >  80 Len=20"
"308","0.101533","0.000188","67.187.67.31","192.168.2.3","UDP","62","14745  >  80 Len=20"
"309","0.101586","0.000053","204.0.146.151","192.168.2.3","UDP","62","14746  >  80 Len=20"
"310","0.101755","0.000169","81.189.169.148","192.168.2.3","UDP","62","14747  >  80 Len=20"
"311","0.101806","0.000051","151.197.208.137","192.168.2.3","UDP","62","14748  >  80 Len=20"
"312","0.102117","0.000311","202.240.68.64","192.168.2.3","UDP","62","14749  >  80 Len=20"
"313","0.102164","0.000047","253.191.20.198","192.168.2.3","UDP","62","14750  >  80 Len=20"
"314","0.102197","0.000033","109.187.191.62","192.168.2.3","UDP","62","14751  >  80 Len=20"
"315","0.102227","0.000030","19.103.107.185","192.168.2.3","UDP","62","14752  >  80 Len=20"
"316","0.102451","0.000224","39.229.165.165","192.168.2.3","UDP","62","14753  >  80 Len=20"
"317","0.102520","0.000069","121.16.121.47","192.168.2.3","UDP","62","14754  >  80 Len=20"
"318","0.102557","0.000037","68.106.119.193","192.168.2.3","UDP","62","14755  >  80 Len=20"
"319","0.102750","0.000193","88.132.238.86","192.168.2.3","UDP","62","14756  >  80 Len=20"
"320","0.103134","0.000384","8.179.187.104","192.168.2.3","UDP","62","14757  >  80 Len=20"
"321","0.129328","0.026194","251.36.80.28","192.168.2.3","UDP","62","14758  >  80 Len=20"
"322","0.129650","0.000322","186.148.157.70","192.168.2.3","UDP","62","14759  >  80 Len=20"
"323","0.129722","0.000072","0.167.14.197","192.168.2.3","UDP","62","14760  >  80 Len=20"
"324","0.129870","0.000148","189.98.137.96","192.168.2.3","UDP","62","14761  >  80 Len=20"
"325","0.129937","0.000067","62.137.144.32","192.168.2.3","UDP","62","14762  >  80 Len=20"
"326","0.130273","0.000336","253.121.181.24","192.168.2.3","UDP","62","14763  >  80 Len=20"
"327","0.130312","0.000039","77.137.206.2","192.168.2.3","UDP","62","14764  >  80 Len=20"
"328","0.130453","0.000141","231.215.85.215","192.168.2.3","UDP","62","14765  >  80 Len=20"
"329","0.130571","0.000118","52.213.165.200","192.168.2.3","UDP","62","14766  >  80 Len=20"
"330","0.138065","0.007494","181.215.33.201","192.168.2.3","UDP","62","14767  >  80 Len=20"
"331","0.138120","0.000055","8.129.148.108","192.168.2.3","UDP","62","14768  >  80 Len=20"
"332","0.138255","0.000135","187.201.124.191","192.168.2.3","UDP","62","14769  >  80 Len=20"
"333","0.138382","0.000127","236.118.8.206","192.168.2.3","UDP","62","14770  >  80 Len=20"
"334","0.138504","0.000122","20.46.66.203","192.168.2.3","UDP","62","14771  >  80 Len=20"
"335","0.138542","0.000038","247.135.14.210","192.168.2.3","UDP","62","14772  >  80 Len=20"
"336","0.138710","0.000168","235.121.200.85","192.168.2.3","UDP","62","14773  >  80 Len=20"
"337","0.138807","0.000097","180.58.107.20","192.168.2.3","UDP","62","14774  >  80 Len=20"
"338","0.138930","0.000123","83.105.55.162","192.168.2.3","UDP","62","14775  >  80 Len=20"
"339","0.139055","0.000125","126.141.28.78","192.168.2.3","UDP","62","14776  >  80 Len=20"
"340","0.139475","0.000420","137.252.42.60","192.168.2.3","UDP","62","14777  >  80 Len=20"
"341","0.139670","0.000195","70.68.165.141","192.168.2.3","UDP","62","14778  >  80 Len=20"
"342","0.139907","0.000237","109.141.104.144","192.168.2.3","UDP","62","14779  >  80 Len=20"
"343","0.140030","0.000123","183.4.193.148","192.168.2.3","UDP","62","14780  >  80 Len=20"
"344","0.140152","0.000122","20.53.163.181","192.168.2.3","UDP","62","14781  >  80 Len=20"
"345","0.140244","0.000092","36.181.109.162","192.168.2.3","UDP","62","14782  >  80 Len=20"
"346","0.140526","0.000282","215.62.16.104","192.168.2.3","UDP","62","14783  >  80 Len=20"
"347","0.140557","0.000031","0.191.191.112","192.168.2.3","UDP","62","14784  >  80 Len=20"
"348","0.140583","0.000026","172.163.223.179","192.168.2.3","UDP","62","14785  >  80 Len=20"
"349","0.140666","0.000083","36.165.211.127","192.168.2.3","UDP","62","14786  >  80 Len=20"
"350","0.152144","0.011478","146.223.241.192","192.168.2.3","UDP","62","14787  >  80 Len=20"
"351","0.167151","0.015007","119.152.31.111","192.168.2.3","UDP","62","14788  >  80 Len=20"
"352","0.167226","0.000075","152.228.183.100","192.168.2.3","UDP","62","14789  >  80 Len=20"
"353","0.167456","0.000230","67.110.185.253","192.168.2.3","UDP","62","14790  >  80 Len=20"
"354","0.167510","0.000054","28.162.137.186","192.168.2.3","UDP","62","14791  >  80 Len=20"
"355","0.167667","0.000157","241.251.55.231","192.168.2.3","UDP","62","14792  >  80 Len=20"
"356","0.167707","0.000040","129.251.12.141","192.168.2.3","UDP","62","14793  >  80 Len=20"
"357","0.167918","0.000211","105.185.16.68","192.168.2.3","UDP","62","14794  >  80 Len=20"
"358","0.167989","0.000071","69.67.206.67","192.168.2.3","UDP","62","14795  >  80 Len=20"
"359","0.168125","0.000136","137.197.96.187","192.168.2.3","UDP","62","14796  >  80 Len=20"
"360","0.168185","0.000060","39.108.161.57","192.168.2.3","UDP","62","14797  >  80 Len=20"
"361","0.168350","0.000165","67.236.65.106","192.168.2.3","UDP","62","14798  >  80 Len=20"
"362","0.168408","0.000058","70.110.33.172","192.168.2.3","UDP","62","14799  >  80 Len=20"
"363","0.168587","0.000179","231.85.119.148","192.168.2.3","UDP","62","14800  >  80 Len=20"
"364","0.168628","0.000041","162.101.21.23","192.168.2.3","UDP","62","14801  >  80 Len=20"
"365","0.168805","0.000177","235.231.16.36","192.168.2.3","UDP","62","14802  >  80 Len=20"
"366","0.168854","0.000049","32.152.94.187","192.168.2.3","UDP","62","14803  >  80 Len=20"
"367","0.169046","0.000192","53.70.89.197","192.168.2.3","UDP","62","14804  >  80 Len=20"
"368","0.169104","0.000058","172.121.4.231","192.168.2.3","UDP","62","14805  >  80 Len=20"
"369","0.169251","0.000147","210.148.107.0","192.168.2.3","UDP","62","14806  >  80 Len=20"
"370","0.169304","0.000053","165.144.201.187","192.168.2.3","UDP","62","14807  >  80 Len=20"
"371","0.169465","0.000161","179.167.39.206","192.168.2.3","UDP","62","14808  >  80 Len=20"
"372","0.169519","0.000054","251.179.149.105","192.168.2.3","UDP","62","14809  >  80 Len=20"
"373","0.169713","0.000194","188.224.67.108","192.168.2.3","UDP","62","14810  >  80 Len=20"
"374","0.169766","0.000053","185.114.46.188","192.168.2.3","UDP","62","14811  >  80 Len=20"
"375","0.169921","0.000155","19.110.52.36","192.168.2.3","UDP","62","14812  >  80 Len=20"
"376","0.171760","0.001839","80.137.247.111","192.168.2.3","UDP","62","14813  >  80 Len=20"
"377","0.171808","0.000048","96.62.242.111","192.168.2.3","UDP","62","14814  >  80 Len=20"
"378","0.171846","0.000038","96.193.241.57","192.168.2.3","UDP","62","14815  >  80 Len=20"
"379","0.172005","0.000159","32.239.162.240","192.168.2.3","UDP","62","14816  >  80 Len=20"
"380","0.172060","0.000055","137.73.228.255","192.168.2.3","UDP","62","14817  >  80 Len=20"
"381","0.172211","0.000151","53.111.181.107","192.168.2.3","UDP","62","14818  >  80 Len=20"
"382","0.172263","0.000052","62.211.206.119","192.168.2.3","UDP","62","14819  >  80 Len=20"
"383","0.172423","0.000160","28.132.189.223","192.168.2.3","UDP","62","14820  >  80 Len=20"
"384","0.172475","0.000052","210.161.189.255","192.168.2.3","UDP","62","14821  >  80 Len=20"
"385","0.173109","0.000634","96.213.132.183","192.168.2.3","UDP","62","14822  >  80 Len=20"
"386","0.173679","0.000570","240.19.238.247","192.168.2.3","UDP","62","14823  >  80 Len=20"
"387","0.173718","0.000039","156.185.2.85","192.168.2.3","UDP","62","14824  >  80 Len=20"
"388","0.173880","0.000162","213.185.215.215","192.168.2.3","UDP","62","14825  >  80 Len=20"
"389","0.173971","0.000091","229.109.236.111","192.168.2.3","UDP","62","14826  >  80 Len=20"
"390","0.174121","0.000150","57.104.144.163","192.168.2.3","UDP","62","14827  >  80 Len=20"
"391","0.174246","0.000125","67.8.60.156","192.168.2.3","UDP","62","14828  >  80 Len=20"
"392","0.174292","0.000046","90.30.231.200","192.168.2.3","UDP","62","14829  >  80 Len=20"
"393","0.174432","0.000140","19.58.171.78","192.168.2.3","UDP","62","14830  >  80 Len=20"
"394","0.174552","0.000120","64.107.32.77","192.168.2.3","UDP","62","14831  >  80 Len=20"
"395","0.201531","0.026979","141.67.70.189","192.168.2.3","UDP","62","14832  >  80 Len=20"
"396","0.201675","0.000144","24.51.65.160","192.168.2.3","UDP","62","14833  >  80 Len=20"
"397","0.201737","0.000062","31.23.203.212","192.168.2.3","UDP","62","14834  >  80 Len=20"
"398","0.201795","0.000058","55.104.166.111","192.168.2.3","UDP","62","14835  >  80 Len=20"
"399","0.201843","0.000048","162.52.211.112","192.168.2.3","UDP","62","14836  >  80 Len=20"
"400","0.201887","0.000044","249.179.240.144","192.168.2.3","UDP","62","14837  >  80 Len=20"
"401","0.201927","0.000040","209.67.65.125","192.168.2.3","UDP","62","14838  >  80 Len=20"
"402","0.201979","0.000052","2.169.104.124","192.168.2.3","UDP","62","14839  >  80 Len=20"
"403","0.202189","0.000210","213.119.0.180","192.168.2.3","UDP","62","14840  >  80 Len=20"
"404","0.202292","0.000103","240.162.21.83","192.168.2.3","UDP","62","14841  >  80 Len=20"
"405","0.202331","0.000039","132.142.119.14","192.168.2.3","UDP","62","14842  >  80 Len=20"
"406","0.202384","0.000053","152.94.162.67","192.168.2.3","UDP","62","14866  >  80 Len=20"
"407","0.202576","0.000192","252.28.224.0","192.168.2.3","UDP","62","14843  >  80 Len=20"
"408","0.202613","0.000037","252.185.187.223","192.168.2.3","UDP","62","14844  >  80 Len=20"
"409","0.202789","0.000176","126.179.198.235","192.168.2.3","UDP","62","14845  >  80 Len=20"
"410","0.202842","0.000053","238.14.179.149","192.168.2.3","UDP","62","14846  >  80 Len=20"
"411","0.203007","0.000165","67.8.180.96","192.168.2.3","UDP","62","14847  >  80 Len=20"
"412","0.203065","0.000058","229.143.229.252","192.168.2.3","UDP","62","14848  >  80 Len=20"
"413","0.203213","0.000148","247.197.137.101","192.168.2.3","UDP","62","14849  >  80 Len=20"
"414","0.203253","0.000040","101.21.12.46","192.168.2.3","UDP","62","14850  >  80 Len=20"
"415","0.203456","0.000203","112.241.157.181","192.168.2.3","UDP","62","14851  >  80 Len=20"
"416","0.203511","0.000055","96.92.13.206","192.168.2.3","UDP","62","14852  >  80 Len=20"
"417","0.203673","0.000162","119.19.85.6","192.168.2.3","UDP","62","14853  >  80 Len=20"
"418","0.203725","0.000052","98.252.165.121","192.168.2.3","UDP","62","14854  >  80 Len=20"
"419","0.203883","0.000158","215.209.213.103","192.168.2.3","UDP","62","14855  >  80 Len=20"
"420","0.203937","0.000054","221.62.32.12","192.168.2.3","UDP","62","14856  >  80 Len=20"
"421","0.204102","0.000165","129.109.70.86","192.168.2.3","UDP","62","14857  >  80 Len=20"
"422","0.204334","0.000232","118.136.212.181","192.168.2.3","UDP","62","14858  >  80 Len=20"
"423","0.204375","0.000041","137.161.220.27","192.168.2.3","UDP","62","14859  >  80 Len=20"
"424","0.204714","0.000339","55.121.187.16","192.168.2.3","UDP","62","14860  >  80 Len=20"
"425","0.204989","0.000275","107.213.89.89","192.168.2.3","UDP","62","14861  >  80 Len=20"
"426","0.205032","0.000043","159.189.143.202","192.168.2.3","UDP","62","14862  >  80 Len=20"
"427","0.205078","0.000046","62.142.228.119","192.168.2.3","UDP","62","14863  >  80 Len=20"
"428","0.205261","0.000183","14.181.100.101","192.168.2.3","UDP","62","14864  >  80 Len=20"
"429","0.205508","0.000247","148.67.169.247","192.168.2.3","UDP","62","14865  >  80 Len=20"
"430","0.205563","0.000055","58.21.20.20","192.168.2.3","UDP","62","14867  >  80 Len=20"
"431","0.205697","0.000134","98.19.5.85","192.168.2.3","UDP","62","14868  >  80 Len=20"
"432","0.205750","0.000053","185.221.231.92","192.168.2.3","UDP","62","14869  >  80 Len=20"
"433","0.206049","0.000299","198.67.90.179","192.168.2.3","UDP","62","14870  >  80 Len=20"
"434","0.206572","0.000523","125.167.255.181","192.168.2.3","UDP","62","14871  >  80 Len=20"
"435","0.206784","0.000212","143.57.33.121","192.168.2.3","UDP","62","14872  >  80 Len=20"
"436","0.206838","0.000054","90.172.27.108","192.168.2.3","UDP","62","14873  >  80 Len=20"
"437","0.206997","0.000159","107.19.165.239","192.168.2.3","UDP","62","14874  >  80 Len=20"
"438","0.207050","0.000053","64.27.137.146","192.168.2.3","UDP","62","14875  >  80 Len=20"
"439","0.207215","0.000165","204.203.132.201","192.168.2.3","UDP","62","14876  >  80 Len=20"
"440","0.207268","0.000053","223.253.146.185","192.168.2.3","UDP","62","14877  >  80 Len=20"
"441","0.207546","0.000278","157.64.62.185","192.168.2.3","UDP","62","14878  >  80 Len=20"
"442","0.207791","0.000245","67.136.191.53","192.168.2.3","UDP","62","14879  >  80 Len=20"
"443","0.207845","0.000054","253.28.203.88","192.168.2.3","UDP","62","14880  >  80 Len=20"
"444","0.208031","0.000186","209.93.213.150","192.168.2.3","UDP","62","14881  >  80 Len=20"
"445","0.208091","0.000060","47.111.172.8","192.168.2.3","UDP","62","14882  >  80 Len=20"
"446","0.208249","0.000158","19.103.151.251","192.168.2.3","UDP","62","14883  >  80 Len=20"
"447","0.208306","0.000057","186.251.32.19","192.168.2.3","UDP","62","14884  >  80 Len=20"
"448","0.208465","0.000159","191.189.70.98","192.168.2.3","UDP","62","14885  >  80 Len=20"
"449","0.208521","0.000056","229.98.179.247","192.168.2.3","UDP","62","14886  >  80 Len=20"
"450","0.208677","0.000156","98.67.70.183","192.168.2.3","UDP","62","14887  >  80 Len=20"
"451","0.208731","0.000054","2.179.189.14","192.168.2.3","UDP","62","14888  >  80 Len=20"
"452","0.208889","0.000158","25.188.162.240","192.168.2.3","UDP","62","14889  >  80 Len=20"
"453","0.208942","0.000053","130.191.148.67","192.168.2.3","UDP","62","14890  >  80 Len=20"
"454","0.209106","0.000164","185.240.96.105","192.168.2.3","UDP","62","14891  >  80 Len=20"
"455","0.209158","0.000052","85.180.241.67","192.168.2.3","UDP","62","14892  >  80 Len=20"
"456","0.209324","0.000166","73.179.197.85","192.168.2.3","UDP","62","14893  >  80 Len=20"
"457","0.209377","0.000053","255.111.185.241","192.168.2.3","UDP","62","14894  >  80 Len=20"
"458","0.209570","0.000193","181.129.89.162","192.168.2.3","UDP","62","14895  >  80 Len=20"
"459","0.209617","0.000047","58.183.85.240","192.168.2.3","UDP","62","14896  >  80 Len=20"
"460","0.209778","0.000161","67.83.47.189","192.168.2.3","UDP","62","14897  >  80 Len=20"
"461","0.209835","0.000057","12.185.181.137","192.168.2.3","UDP","62","14898  >  80 Len=20"
"462","0.209964","0.000129","36.16.12.129","192.168.2.3","UDP","62","14899  >  80 Len=20"
"463","0.210016","0.000052","57.132.0.20","192.168.2.3","UDP","62","14900  >  80 Len=20"
"464","0.210218","0.000202","239.179.28.148","192.168.2.3","UDP","62","14901  >  80 Len=20"
"465","0.210256","0.000038","116.0.13.197","192.168.2.3","UDP","62","14902  >  80 Len=20"
"466","0.210384","0.000128","110.137.81.47","192.168.2.3","UDP","62","14903  >  80 Len=20"
"467","0.210503","0.000119","58.6.129.253","192.168.2.3","UDP","62","14905  >  80 Len=20"
"468","0.210719","0.000216","235.0.65.121","192.168.2.3","UDP","62","14909  >  80 Len=20"
"469","0.210762","0.000043","57.231.67.111","192.168.2.3","UDP","62","14910  >  80 Len=20"
"470","0.210941","0.000179","105.183.238.136","192.168.2.3","UDP","62","14911  >  80 Len=20"
"471","0.210996","0.000055","51.249.132.98","192.168.2.3","UDP","62","14912  >  80 Len=20"
"472","0.211152","0.000156","223.251.36.108","192.168.2.3","UDP","62","14913  >  80 Len=20"
"473","0.211216","0.000064","110.36.247.141","192.168.2.3","UDP","62","14914  >  80 Len=20"
"474","0.211395","0.000179","191.148.121.223","192.168.2.3","UDP","62","15164  >  80 Len=20"
"475","0.211636","0.000241","166.151.215.47","192.168.2.3","UDP","62","15165  >  80 Len=20"
"476","0.211689","0.000053","85.57.67.125","192.168.2.3","UDP","62","15166  >  80 Len=20"
"477","0.211824","0.000135","123.31.101.143","192.168.2.3","UDP","62","15167  >  80 Len=20"
"478","0.211877","0.000053","109.5.211.110","192.168.2.3","UDP","62","15168  >  80 Len=20"
"479","0.212065","0.000188","223.180.13.132","192.168.2.3","UDP","62","15169  >  80 Len=20"
"480","0.212118","0.000053","0.11.185.157","192.168.2.3","UDP","62","15170  >  80 Len=20"
"481","0.212291","0.000173","47.247.159.65","192.168.2.3","UDP","62","15171  >  80 Len=20"
"482","0.212343","0.000052","111.132.187.105","192.168.2.3","UDP","62","15172  >  80 Len=20"
"483","0.212494","0.000151","152.252.209.55","192.168.2.3","UDP","62","15173  >  80 Len=20"
"484","0.212547","0.000053","203.137.90.67","192.168.2.3","UDP","62","15174  >  80 Len=20"
"485","0.212706","0.000159","70.167.187.23","192.168.2.3","UDP","62","15178  >  80 Len=20"
"486","0.212758","0.000052","185.96.0.107","192.168.2.3","UDP","62","15182  >  80 Len=20"
"487","0.212962","0.000204","5.89.165.180","192.168.2.3","UDP","62","15186  >  80 Len=20"
"488","0.213014","0.000052","241.27.30.141","192.168.2.3","UDP","62","15190  >  80 Len=20"
"489","0.213126","0.000112","111.52.81.255","192.168.2.3","UDP","62","15194  >  80 Len=20"
"490","0.213167","0.000041","180.104.255.28","192.168.2.3","UDP","62","15198  >  80 Len=20"
"491","0.213503","0.000336","90.89.163.32","192.168.2.3","UDP","62","15202  >  80 Len=20"
"492","0.213555","0.000052","67.141.28.0","192.168.2.3","UDP","62","15206  >  80 Len=20"
"493","0.213715","0.000160","25.89.119.60","192.168.2.3","UDP","62","15210  >  80 Len=20"
"494","0.213925","0.000210","98.215.189.46","192.168.2.3","UDP","62","15215  >  80 Len=20"
"495","0.214210","0.000285","203.126.151.53","192.168.2.3","UDP","62","15219  >  80 Len=20"
"496","0.214257","0.000047","85.8.31.85","192.168.2.3","UDP","62","15223  >  80 Len=20"
"497","0.214296","0.000039","47.77.203.90","192.168.2.3","UDP","62","15227  >  80 Len=20"
"498","0.214324","0.000028","67.251.236.101","192.168.2.3","UDP","62","15231  >  80 Len=20"
"499","0.214508","0.000184","70.28.96.51","192.168.2.3","UDP","62","15235  >  80 Len=20"
"500","0.228193","0.013685","240.148.30.31","192.168.2.3","UDP","62","15293  >  80 Len=20"
"501","0.236904","0.008711","165.20.78.111","192.168.2.3","UDP","62","15296  >  80 Len=20"
"502","0.237290","0.000386","239.137.104.85","192.168.2.3","UDP","62","15299  >  80 Len=20"
"503","0.237324","0.000034","112.119.143.186","192.168.2.3","UDP","62","15303  >  80 Len=20"
"504","0.237458","0.000134","215.126.0.185","192.168.2.3","UDP","62","15307  >  80 Len=20"
"505","0.237508","0.000050","241.167.39.39","192.168.2.3","UDP","62","15311  >  80 Len=20"
"506","0.237715","0.000207","110.137.231.123","192.168.2.3","UDP","62","15314  >  80 Len=20"
"507","0.237773","0.000058","236.235.132.51","192.168.2.3","UDP","62","15317  >  80 Len=20"
"508","0.237889","0.000116","13.83.151.51","192.168.2.3","UDP","62","15321  >  80 Len=20"
"509","0.238002","0.000113","201.110.165.210","192.168.2.3","UDP","62","15324  >  80 Len=20"
"510","0.238057","0.000055","240.88.193.123","192.168.2.3","UDP","62","15328  >  80 Len=20"
"511","0.238273","0.000216","187.119.135.129","192.168.2.3","UDP","62","15332  >  80 Len=20"
"512","0.238601","0.000328","21.130.111.16","192.168.2.3","UDP","62","15336  >  80 Len=20"
"513","0.238652","0.000051","200.165.57.143","192.168.2.3","UDP","62","15340  >  80 Len=20"
"514","0.238691","0.000039","183.203.39.242","192.168.2.3","UDP","62","15344  >  80 Len=20"
"515","0.238876","0.000185","165.185.213.58","192.168.2.3","UDP","62","15349  >  80 Len=20"
"516","0.238935","0.000059","67.144.31.20","192.168.2.3","UDP","62","15353  >  80 Len=20"
"517","0.239042","0.000107","62.179.53.189","192.168.2.3","UDP","62","15369  >  80 Len=20"
"518","0.239177","0.000135","187.70.143.67","192.168.2.3","UDP","62","15372  >  80 Len=20"
"519","0.239243","0.000066","60.185.183.187","192.168.2.3","UDP","62","15376  >  80 Len=20"
"520","0.239932","0.000689","159.36.14.204","192.168.2.3","UDP","62","15380  >  80 Len=20"
"521","0.240274","0.000342","183.62.33.206","192.168.2.3","UDP","62","15384  >  80 Len=20"
"522","0.240331","0.000057","240.148.206.130","192.168.2.3","UDP","62","15388  >  80 Len=20"
"523","0.240483","0.000152","183.46.67.121","192.168.2.3","UDP","62","15391  >  80 Len=20"
"524","0.240537","0.000054","159.215.127.105","192.168.2.3","UDP","62","15552  >  80 Len=20"
"525","0.240694","0.000157","33.101.70.148","192.168.2.3","UDP","62","15564  >  80 Len=20"
"526","0.240750","0.000056","187.60.70.98","192.168.2.3","UDP","62","15568  >  80 Len=20"
"527","0.240910","0.000160","136.67.89.80","192.168.2.3","UDP","62","15577  >  80 Len=20"
"528","0.240965","0.000055","179.112.109.239","192.168.2.3","UDP","62","15633  >  80 Len=20"
"529","0.241152","0.000187","103.25.24.132","192.168.2.3","UDP","62","15636  >  80 Len=20"
"530","0.241206","0.000054","161.27.19.33","192.168.2.3","UDP","62","15640  >  80 Len=20"
"531","0.241328","0.000122","104.143.119.11","192.168.2.3","UDP","62","15644  >  80 Len=20"
"532","0.241422","0.000094","137.2.228.223","192.168.2.3","UDP","62","15648  >  80 Len=20"
"533","0.241738","0.000316","132.189.185.14","192.168.2.3","UDP","62","15650  >  80 Len=20"
"534","0.241786","0.000048","109.231.213.220","192.168.2.3","UDP","62","15651  >  80 Len=20"
"535","0.241825","0.000039","251.73.16.62","192.168.2.3","UDP","62","15652  >  80 Len=20"
"536","0.242014","0.000189","180.151.88.57","192.168.2.3","UDP","62","15653  >  80 Len=20"
"537","0.242074","0.000060","66.92.229.156","192.168.2.3","UDP","62","15654  >  80 Len=20"
"538","0.242179","0.000105","160.132.104.112","192.168.2.3","UDP","62","15655  >  80 Len=20"
"539","0.242278","0.000099","203.181.208.85","192.168.2.3","UDP","62","15656  >  80 Len=20"
"540","0.242401","0.000123","185.14.52.73","192.168.2.3","UDP","62","15657  >  80 Len=20"
"541","0.242524","0.000123","123.193.137.98","192.168.2.3","UDP","62","15658  >  80 Len=20"
"542","0.242561","0.000037","20.47.212.62","192.168.2.3","UDP","62","15659  >  80 Len=20"
"543","0.242773","0.000212","2.70.30.121","192.168.2.3","UDP","62","15660  >  80 Len=20"
"544","0.242829","0.000056","70.189.143.189","192.168.2.3","UDP","62","15661  >  80 Len=20"
"545","0.242947","0.000118","111.171.162.172","192.168.2.3","UDP","62","15662  >  80 Len=20"
"546","0.243038","0.000091","163.67.223.58","192.168.2.3","UDP","62","15663  >  80 Len=20"
"547","0.246890","0.003852","13.186.142.152","192.168.2.3","UDP","62","15664  >  80 Len=20"
"548","0.246974","0.000084","220.103.252.103","192.168.2.3","UDP","62","15665  >  80 Len=20"
"549","0.247031","0.000057","67.180.146.14","192.168.2.3","UDP","62","15666  >  80 Len=20"
"550","0.247084","0.000053","200.149.209.73","192.168.2.3","UDP","62","15667  >  80 Len=20"
"551","0.247125","0.000041","103.202.106.231","192.168.2.3","UDP","62","15668  >  80 Len=20"
"552","0.247170","0.000045","39.220.247.28","192.168.2.3","UDP","62","15669  >  80 Len=20"
"553","0.247364","0.000194","110.152.181.185","192.168.2.3","UDP","62","15670  >  80 Len=20"
"554","0.247440","0.000076","220.132.224.114","192.168.2.3","UDP","62","15671  >  80 Len=20"
"555","0.247498","0.000058","179.70.157.224","192.168.2.3","UDP","62","15672  >  80 Len=20"
"556","0.247659","0.000161","162.169.114.187","192.168.2.3","UDP","62","15673  >  80 Len=20"
"557","0.247715","0.000056","213.96.191.162","192.168.2.3","UDP","62","15674  >  80 Len=20"
"558","0.247919","0.000204","189.210.161.183","192.168.2.3","UDP","62","15675  >  80 Len=20"
"559","0.247995","0.000076","4.252.60.16","192.168.2.3","UDP","62","16009  >  80 Len=20"
"560","0.248049","0.000054","58.183.185.30","192.168.2.3","UDP","62","16013  >  80 Len=20"
"561","0.248200","0.000151","200.80.200.119","192.168.2.3","UDP","62","16017  >  80 Len=20"
"562","0.248257","0.000057","187.55.111.88","192.168.2.3","UDP","62","16022  >  80 Len=20"
"563","0.248459","0.000202","198.92.179.47","192.168.2.3","UDP","62","16026  >  80 Len=20"
"564","0.248534","0.000075","223.92.151.11","192.168.2.3","UDP","62","16031  >  80 Len=20"
"565","0.248598","0.000064","247.143.98.206","192.168.2.3","UDP","62","16035  >  80 Len=20"
"566","0.248905","0.000307","203.255.81.20","192.168.2.3","UDP","62","16039  >  80 Len=20"
"567","0.248959","0.000054","165.70.47.52","192.168.2.3","UDP","62","16043  >  80 Len=20"
"568","0.249394","0.000435","186.229.124.135","192.168.2.3","UDP","62","16047  >  80 Len=20"
"569","0.249672","0.000278","132.236.111.137","192.168.2.3","UDP","62","16052  >  80 Len=20"
"570","0.249724","0.000052","188.104.46.108","192.168.2.3","UDP","62","16055  >  80 Len=20"
"571","0.249840","0.000116","73.88.30.203","192.168.2.3","UDP","62","16060  >  80 Len=20"
"572","0.250128","0.000288","191.42.2.215","192.168.2.3","UDP","62","16064  >  80 Len=20"
"573","0.250181","0.000053","103.165.200.241","192.168.2.3","UDP","62","16068  >  80 Len=20"
"574","0.250298","0.000117","167.183.179.36","192.168.2.3","UDP","62","16072  >  80 Len=20"
"575","0.250463","0.000165","255.77.66.16","192.168.2.3","UDP","62","16076  >  80 Len=20"
"576","0.250500","0.000037","30.181.19.30","192.168.2.3","UDP","62","16080  >  80 Len=20"
"577","0.332172","0.081672","106.67.83.179","192.168.2.3","UDP","62","16088  >  80 Len=20"
"578","0.332172","0.000000","12.241.55.2","192.168.2.3","UDP","62","16092  >  80 Len=20"
"579","0.332172","0.000000","193.200.96.116","192.168.2.3","UDP","62","16094  >  80 Len=20"
"580","0.332172","0.000000","197.58.220.197","192.168.2.3","UDP","62","16095  >  80 Len=20"
"581","0.332172","0.000000","187.165.249.62","192.168.2.3","UDP","62","16096  >  80 Len=20"
"582","0.332172","0.000000","47.189.104.103","192.168.2.3","UDP","62","16097  >  80 Len=20"
"583","0.332172","0.000000","89.241.5.189","192.168.2.3","UDP","62","16098  >  80 Len=20"
"584","0.332172","0.000000","58.70.104.42","192.168.2.3","UDP","62","16099  >  80 Len=20"
"585","0.332172","0.000000","201.69.241.86","192.168.2.3","UDP","62","16100  >  80 Len=20"
"586","0.332172","0.000000","146.89.203.21","192.168.2.3","UDP","62","16101  >  80 Len=20"
"587","0.332415","0.000243","229.77.191.107","192.168.2.3","UDP","62","16102  >  80 Len=20"
"588","0.332415","0.000000","192.211.189.85","192.168.2.3","UDP","62","16103  >  80 Len=20"
"589","0.332415","0.000000","19.162.185.180","192.168.2.3","UDP","62","16104  >  80 Len=20"
"590","0.332415","0.000000","132.223.12.137","192.168.2.3","UDP","62","16106  >  80 Len=20"
"591","0.332415","0.000000","251.96.132.126","192.168.2.3","UDP","62","16111  >  80 Len=20"
"592","0.332415","0.000000","242.186.132.201","192.168.2.3","UDP","62","16115  >  80 Len=20"
"593","0.332594","0.000179","94.36.192.28","192.168.2.3","UDP","62","16119  >  80 Len=20"
"594","0.332594","0.000000","5.109.137.119","192.168.2.3","UDP","62","16124  >  80 Len=20"
"595","0.332594","0.000000","160.72.111.152","192.168.2.3","UDP","62","16128  >  80 Len=20"
"596","0.332594","0.000000","144.212.111.85","192.168.2.3","UDP","62","16133  >  80 Len=20"
"597","0.332594","0.000000","255.36.149.197","192.168.2.3","UDP","62","16137  >  80 Len=20"
"598","0.332594","0.000000","129.70.77.137","192.168.2.3","UDP","62","16141  >  80 Len=20"
"599","0.332594","0.000000","179.47.148.215","192.168.2.3","UDP","62","16144  >  80 Len=20"
"600","0.332594","0.000000","151.89.96.135","192.168.2.3","UDP","62","16148  >  80 Len=20"
"601","0.332594","0.000000","14.16.161.187","192.168.2.3","UDP","62","16152  >  80 Len=20"
"602","0.332594","0.000000","191.0.93.86","192.168.2.3","UDP","62","16156  >  80 Len=20"
"603","0.332594","0.000000","161.240.144.57","192.168.2.3","UDP","62","16160  >  80 Len=20"
"604","0.332594","0.000000","204.149.201.162","192.168.2.3","UDP","62","16164  >  80 Len=20"
"605","0.332594","0.000000","8.21.255.224","192.168.2.3","UDP","62","16167  >  80 Len=20"
"606","0.332594","0.000000","126.103.253.104","192.168.2.3","UDP","62","16171  >  80 Len=20"
"607","0.332594","0.000000","143.183.0.165","192.168.2.3","UDP","62","16175  >  80 Len=20"
"608","0.332594","0.000000","85.159.21.73","192.168.2.3","UDP","62","16179  >  80 Len=20"
"609","0.332840","0.000246","251.187.148.189","192.168.2.3","UDP","62","16221  >  80 Len=20"
"610","0.332840","0.000000","162.187.64.253","192.168.2.3","UDP","62","16222  >  80 Len=20"
"611","0.332840","0.000000","132.213.89.67","192.168.2.3","UDP","62","16223  >  80 Len=20"
"612","0.332840","0.000000","144.57.89.112","192.168.2.3","UDP","62","16224  >  80 Len=20"
"613","0.332840","0.000000","16.28.181.228","192.168.2.3","UDP","62","16225  >  80 Len=20"
"614","0.332840","0.000000","191.181.108.123","192.168.2.3","UDP","62","16226  >  80 Len=20"
"615","0.332840","0.000000","8.223.213.235","192.168.2.3","UDP","62","16227  >  80 Len=20"
"616","0.332840","0.000000","121.197.166.238","192.168.2.3","UDP","62","16228  >  80 Len=20"
"617","0.332840","0.000000","108.14.151.213","192.168.2.3","UDP","62","16229  >  80 Len=20"
"618","0.332840","0.000000","126.239.187.108","192.168.2.3","UDP","62","16230  >  80 Len=20"
"619","0.332840","0.000000","81.150.60.112","192.168.2.3","UDP","62","16231  >  80 Len=20"
"620","0.332840","0.000000","116.180.105.0","192.168.2.3","UDP","62","16232  >  80 Len=20"
"621","0.332840","0.000000","157.228.208.137","192.168.2.3","UDP","62","16233  >  80 Len=20"
"622","0.332840","0.000000","207.118.239.67","192.168.2.3","UDP","62","16234  >  80 Len=20"
"623","0.332840","0.000000","247.57.94.70","192.168.2.3","UDP","62","16239  >  80 Len=20"
"624","0.332840","0.000000","6.110.16.39","192.168.2.3","UDP","62","16243  >  80 Len=20"
"625","0.333050","0.000210","189.83.14.62","192.168.2.3","UDP","62","16248  >  80 Len=20"
"626","0.333050","0.000000","247.141.247.181","192.168.2.3","UDP","62","16252  >  80 Len=20"
"627","0.333050","0.000000","162.159.85.98","192.168.2.3","UDP","62","16602  >  80 Len=20"
"628","0.333050","0.000000","77.60.253.19","192.168.2.3","UDP","62","16829  >  80 Len=20"
"629","0.333050","0.000000","143.110.247.179","192.168.2.3","UDP","62","16830  >  80 Len=20"
"630","0.333050","0.000000","96.231.96.21","192.168.2.3","UDP","62","16831  >  80 Len=20"
"631","0.333050","0.000000","119.203.104.21","192.168.2.3","UDP","62","16832  >  80 Len=20"
"632","0.333050","0.000000","19.132.36.215","192.168.2.3","UDP","62","16833  >  80 Len=20"
"633","0.333050","0.000000","235.30.165.89","192.168.2.3","UDP","62","16834  >  80 Len=20"
"634","0.333050","0.000000","206.179.247.127","192.168.2.3","UDP","62","16835  >  80 Len=20"
"635","0.333050","0.000000","186.73.89.32","192.168.2.3","UDP","62","16836  >  80 Len=20"
"636","0.333050","0.000000","21.98.157.81","192.168.2.3","UDP","62","16837  >  80 Len=20"
"637","0.333050","0.000000","211.183.156.187","192.168.2.3","UDP","62","16838  >  80 Len=20"
"638","0.333050","0.000000","81.72.20.251","192.168.2.3","UDP","62","16839  >  80 Len=20"
"639","0.333050","0.000000","144.127.198.33","192.168.2.3","UDP","62","16840  >  80 Len=20"
"640","0.333246","0.000196","19.197.0.181","192.168.2.3","UDP","62","16841  >  80 Len=20"
"641","0.333272","0.000026","211.161.66.60","192.168.2.3","UDP","62","16842  >  80 Len=20"
"642","0.333295","0.000023","251.202.208.28","192.168.2.3","UDP","62","16843  >  80 Len=20"
"643","0.333305","0.000010","21.179.0.144","192.168.2.3","UDP","62","16844  >  80 Len=20"
"644","0.333336","0.000031","0.125.253.105","192.168.2.3","UDP","62","16845  >  80 Len=20"
"645","0.333355","0.000019","5.166.212.136","192.168.2.3","UDP","62","16846  >  80 Len=20"
"646","0.333413","0.000058","132.127.20.77","192.168.2.3","UDP","62","16847  >  80 Len=20"
"647","0.333498","0.000085","110.189.70.2","192.168.2.3","UDP","62","16848  >  80 Len=20"
"648","0.333630","0.000132","36.189.211.186","192.168.2.3","UDP","62","16849  >  80 Len=20"
"649","0.333794","0.000164","204.89.185.255","192.168.2.3","UDP","62","16850  >  80 Len=20"
"650","0.333948","0.000154","111.167.253.204","192.168.2.3","UDP","62","16851  >  80 Len=20"
"651","0.346831","0.012883","251.224.104.85","192.168.2.3","UDP","62","16852  >  80 Len=20"
"652","0.346991","0.000160","137.238.130.126","192.168.2.3","UDP","62","16853  >  80 Len=20"
"653","0.347190","0.000199","203.198.25.255","192.168.2.3","UDP","62","16854  >  80 Len=20"
"654","0.360401","0.013211","180.25.224.111","192.168.2.3","UDP","62","16855  >  80 Len=20"
"655","0.360504","0.000103","215.77.24.67","192.168.2.3","UDP","62","16856  >  80 Len=20"
"656","0.360669","0.000165","204.185.104.209","192.168.2.3","UDP","62","16857  >  80 Len=20"
"657","0.360710","0.000041","137.33.58.191","192.168.2.3","UDP","62","16858  >  80 Len=20"
"658","0.360743","0.000033","47.151.141.180","192.168.2.3","UDP","62","16859  >  80 Len=20"
"659","0.360776","0.000033","183.20.207.187","192.168.2.3","UDP","62","16860  >  80 Len=20"
"660","0.360808","0.000032","53.36.116.231","192.168.2.3","UDP","62","16861  >  80 Len=20"
"661","0.360838","0.000030","28.209.157.66","192.168.2.3","UDP","62","16862  >  80 Len=20"
"662","0.360874","0.000036","146.149.241.19","192.168.2.3","UDP","62","16863  >  80 Len=20"
"663","0.360905","0.000031","210.107.212.251","192.168.2.3","UDP","62","16864  >  80 Len=20"
"664","0.360994","0.000089","187.242.62.212","192.168.2.3","UDP","62","16865  >  80 Len=20"
"665","0.361073","0.000079","33.88.208.119","192.168.2.3","UDP","62","16866  >  80 Len=20"
"666","0.361116","0.000043","66.251.19.157","192.168.2.3","UDP","62","16867  >  80 Len=20"
"667","0.361154","0.000038","25.179.127.236","192.168.2.3","UDP","62","16868  >  80 Len=20"
"668","0.361191","0.000037","5.159.239.240","192.168.2.3","UDP","62","16869  >  80 Len=20"
"669","0.361243","0.000052","112.8.11.65","192.168.2.3","UDP","62","16870  >  80 Len=20"
"670","0.361283","0.000040","239.36.179.223","192.168.2.3","UDP","62","16871  >  80 Len=20"
"671","0.361296","0.000013","179.85.103.215","192.168.2.3","UDP","62","16872  >  80 Len=20"
"672","0.361346","0.000050","197.110.179.96","192.168.2.3","UDP","62","16873  >  80 Len=20"
"673","0.361386","0.000040","60.229.32.53","192.168.2.3","UDP","62","16874  >  80 Len=20"
"674","0.361423","0.000037","129.90.251.0","192.168.2.3","UDP","62","16875  >  80 Len=20"
"675","0.361472","0.000049","231.228.70.213","192.168.2.3","UDP","62","16876  >  80 Len=20"
"676","0.361484","0.000012","150.8.179.251","192.168.2.3","UDP","62","16877  >  80 Len=20"
"677","0.361518","0.000034","53.146.92.19","192.168.2.3","UDP","62","16878  >  80 Len=20"
"678","0.361568","0.000050","100.112.47.53","192.168.2.3","UDP","62","16879  >  80 Len=20"
"679","0.398703","0.037135","165.86.149.162","192.168.2.3","UDP","62","16880  >  80 Len=20"
"680","0.398797","0.000094","108.228.107.251","192.168.2.3","UDP","62","16881  >  80 Len=20"
"681","0.398838","0.000041","213.180.231.220","192.168.2.3","UDP","62","16882  >  80 Len=20"
"682","0.399373","0.000535","187.180.166.151","192.168.2.3","UDP","62","16883  >  80 Len=20"
"683","0.417996","0.018623","5.16.180.69","192.168.2.3","UDP","62","16884  >  80 Len=20"
"684","0.418100","0.000104","101.119.92.67","192.168.2.3","UDP","62","16885  >  80 Len=20"
"685","0.418306","0.000206","70.30.80.116","192.168.2.3","UDP","62","16886  >  80 Len=20"
"686","0.418369","0.000063","101.255.19.67","192.168.2.3","UDP","62","16887  >  80 Len=20"
"687","0.418514","0.000145","110.149.136.187","192.168.2.3","UDP","62","16888  >  80 Len=20"
"688","0.432925","0.014411","249.70.251.180","192.168.2.3","UDP","62","16889  >  80 Len=20"
"689","0.434377","0.001452","185.12.160.213","192.168.2.3","UDP","62","16890  >  80 Len=20"
"690","0.434499","0.000122","251.235.8.159","192.168.2.3","UDP","62","16891  >  80 Len=20"
"691","0.437707","0.003208","80.229.148.119","192.168.2.3","UDP","62","16892  >  80 Len=20"
"692","0.453539","0.015832","83.240.208.179","192.168.2.3","UDP","62","16893  >  80 Len=20"
"693","0.453704","0.000165","78.73.125.67","192.168.2.3","UDP","62","16894  >  80 Len=20"
"694","0.464214","0.010510","183.77.161.111","192.168.2.3","UDP","62","16895  >  80 Len=20"
"695","0.464313","0.000099","106.2.241.228","192.168.2.3","UDP","62","16896  >  80 Len=20"
"696","0.464363","0.000050","0.136.58.52","192.168.2.3","UDP","62","16897  >  80 Len=20"
"697","0.464411","0.000048","151.239.13.58","192.168.2.3","UDP","62","16898  >  80 Len=20"
"698","0.464601","0.000190","192.126.12.89","192.168.2.3","UDP","62","16899  >  80 Len=20"
"699","0.464655","0.000054","58.107.249.125","192.168.2.3","UDP","62","16900  >  80 Len=20"
"700","0.464781","0.000126","30.55.23.240","192.168.2.3","UDP","62","16901  >  80 Len=20"
"701","0.465050","0.000269","203.12.70.163","192.168.2.3","UDP","62","16902  >  80 Len=20"
"702","0.465103","0.000053","78.46.119.110","192.168.2.3","UDP","62","16903  >  80 Len=20"
"703","0.465756","0.000653","16.111.191.203","192.168.2.3","UDP","62","16904  >  80 Len=20"
"704","0.466280","0.000524","96.88.143.100","192.168.2.3","UDP","62","16905  >  80 Len=20"
"705","0.466522","0.000242","89.241.12.98","192.168.2.3","UDP","62","16906  >  80 Len=20"
"706","0.466575","0.000053","72.103.107.57","192.168.2.3","UDP","62","16907  >  80 Len=20"
"707","0.466735","0.000160","212.132.16.180","192.168.2.3","UDP","62","16908  >  80 Len=20"
"708","0.466796","0.000061","206.189.81.39","192.168.2.3","UDP","62","16909  >  80 Len=20"
"709","0.479435","0.012639","30.77.189.150","192.168.2.3","UDP","62","16910  >  80 Len=20"
"710","0.479518","0.000083","81.85.47.83","192.168.2.3","UDP","62","16911  >  80 Len=20"
"711","0.479558","0.000040","183.2.66.88","192.168.2.3","UDP","62","16912  >  80 Len=20"
"712","0.496018","0.016460","236.165.151.6","192.168.2.3","UDP","62","16913  >  80 Len=20"
"713","0.496069","0.000051","169.69.255.224","192.168.2.3","UDP","62","16914  >  80 Len=20"
"714","0.496137","0.000068","2.96.105.210","192.168.2.3","UDP","62","16915  >  80 Len=20"
"715","0.496177","0.000040","39.215.24.67","192.168.2.3","UDP","62","16916  >  80 Len=20"
"716","0.496214","0.000037","141.88.163.146","192.168.2.3","UDP","62","16917  >  80 Len=20"
"717","0.496398","0.000184","181.57.239.104","192.168.2.3","UDP","62","16918  >  80 Len=20"
"718","0.496453","0.000055","8.231.16.224","192.168.2.3","UDP","62","16919  >  80 Len=20"
"719","0.496613","0.000160","129.0.6.200","192.168.2.3","UDP","62","16920  >  80 Len=20"
"720","0.496732","0.000119","240.8.221.132","192.168.2.3","UDP","62","16921  >  80 Len=20"
"721","0.496782","0.000050","242.116.51.12","192.168.2.3","UDP","62","16922  >  80 Len=20"
"722","0.496951","0.000169","73.185.72.89","192.168.2.3","UDP","62","16923  >  80 Len=20"
"723","0.496998","0.000047","119.46.125.206","192.168.2.3","UDP","62","16924  >  80 Len=20"
"724","0.497194","0.000196","144.5.31.130","192.168.2.3","UDP","62","16925  >  80 Len=20"
"725","0.497379","0.000185","143.242.73.39","192.168.2.3","UDP","62","16926  >  80 Len=20"
"726","0.497501","0.000122","96.21.241.181","192.168.2.3","UDP","62","16927  >  80 Len=20"
"727","0.497554","0.000053","13.149.236.36","192.168.2.3","UDP","62","16928  >  80 Len=20"
"728","0.497996","0.000442","251.144.57.69","192.168.2.3","UDP","62","16929  >  80 Len=20"
"729","0.498033","0.000037","213.25.24.211","192.168.2.3","UDP","62","16930  >  80 Len=20"
"730","0.498513","0.000480","180.103.19.157","192.168.2.3","UDP","62","16931  >  80 Len=20"
"731","0.498562","0.000049","142.68.20.125","192.168.2.3","UDP","62","16932  >  80 Len=20"
"732","0.498606","0.000044","239.114.119.231","192.168.2.3","UDP","62","16933  >  80 Len=20"
"733","0.499770","0.001164","2.85.144.235","192.168.2.3","UDP","62","16934  >  80 Len=20"
"734","0.499825","0.000055","221.14.16.96","192.168.2.3","UDP","62","16935  >  80 Len=20"
"735","0.499936","0.000111","206.72.67.96","192.168.2.3","UDP","62","16936  >  80 Len=20"
"736","0.500029","0.000093","151.103.252.229","192.168.2.3","UDP","62","16937  >  80 Len=20"
"737","0.500123","0.000094","119.186.203.185","192.168.2.3","UDP","62","16938  >  80 Len=20"
"738","0.500284","0.000161","150.137.25.241","192.168.2.3","UDP","62","16939  >  80 Len=20"
"739","0.500338","0.000054","180.229.148.157","192.168.2.3","UDP","62","16940  >  80 Len=20"
"740","0.500500","0.000162","14.247.111.92","192.168.2.3","UDP","62","16941  >  80 Len=20"
"741","0.500552","0.000052","69.228.73.46","192.168.2.3","UDP","62","16942  >  80 Len=20"
"742","0.500714","0.000162","125.189.240.163","192.168.2.3","UDP","62","16943  >  80 Len=20"
"743","0.500767","0.000053","88.207.6.179","192.168.2.3","UDP","62","16944  >  80 Len=20"
"744","0.500921","0.000154","66.159.19.192","192.168.2.3","UDP","62","16945  >  80 Len=20"
"745","0.500979","0.000058","165.116.141.148","192.168.2.3","UDP","62","16946  >  80 Len=20"
"746","0.501132","0.000153","119.25.163.96","192.168.2.3","UDP","62","16947  >  80 Len=20"
"747","0.501185","0.000053","57.223.55.189","192.168.2.3","UDP","62","16948  >  80 Len=20"
"748","0.501382","0.000197","77.137.144.251","192.168.2.3","UDP","62","16949  >  80 Len=20"
"749","0.501442","0.000060","114.144.172.126","192.168.2.3","UDP","62","16950  >  80 Len=20"
"750","0.501789","0.000347","100.123.85.126","192.168.2.3","UDP","62","16951  >  80 Len=20"
"751","0.501839","0.000050","31.85.30.67","192.168.2.3","UDP","62","16952  >  80 Len=20"
"752","0.501869","0.000030","12.98.189.47","192.168.2.3","UDP","62","16953  >  80 Len=20"
"753","0.501901","0.000032","231.32.240.90","192.168.2.3","UDP","62","16954  >  80 Len=20"
"754","0.502022","0.000121","185.81.211.206","192.168.2.3","UDP","62","16955  >  80 Len=20"
"755","0.502085","0.000063","62.206.42.187","192.168.2.3","UDP","62","16956  >  80 Len=20"
"756","0.502199","0.000114","67.107.180.77","192.168.2.3","UDP","62","16957  >  80 Len=20"
"757","0.502356","0.000157","101.251.179.171","192.168.2.3","UDP","62","16958  >  80 Len=20"
"758","0.502410","0.000054","25.162.57.187","192.168.2.3","UDP","62","16959  >  80 Len=20"
"759","0.502566","0.000156","110.249.62.21","192.168.2.3","UDP","62","16960  >  80 Len=20"
"760","0.502607","0.000041","183.240.96.130","192.168.2.3","UDP","62","16961  >  80 Len=20"
"761","0.504130","0.001523","121.166.103.68","192.168.2.3","UDP","62","16962  >  80 Len=20"
"762","0.504183","0.000053","21.109.53.57","192.168.2.3","UDP","62","16963  >  80 Len=20"
"763","0.504310","0.000127","67.249.241.19","192.168.2.3","UDP","62","16964  >  80 Len=20"
"764","0.504364","0.000054","80.11.21.88","192.168.2.3","UDP","62","16965  >  80 Len=20"
"765","0.504528","0.000164","183.255.55.16","192.168.2.3","UDP","62","16966  >  80 Len=20"
"766","0.504583","0.000055","223.183.73.156","192.168.2.3","UDP","62","16967  >  80 Len=20"
"767","0.504898","0.000315","137.8.118.89","192.168.2.3","UDP","62","16968  >  80 Len=20"
"768","0.504951","0.000053","220.185.144.8","192.168.2.3","UDP","62","17417  >  80 Len=20"
"769","0.505066","0.000115","85.188.137.179","192.168.2.3","UDP","62","17420  >  80 Len=20"
"770","0.505190","0.000124","125.72.253.24","192.168.2.3","UDP","62","17424  >  80 Len=20"
"771","0.505312","0.000122","21.169.202.185","192.168.2.3","UDP","62","17428  >  80 Len=20"
"772","0.505353","0.000041","189.185.253.108","192.168.2.3","UDP","62","17431  >  80 Len=20"
"773","0.505532","0.000179","239.211.247.124","192.168.2.3","UDP","62","17435  >  80 Len=20"
"774","0.505570","0.000038","111.85.163.27","192.168.2.3","UDP","62","17444  >  80 Len=20"
"775","0.505768","0.000198","224.171.58.47","192.168.2.3","UDP","62","17448  >  80 Len=20"
"776","0.505805","0.000037","239.189.8.142","192.168.2.3","UDP","62","17452  >  80 Len=20"
"777","0.506021","0.000216","118.109.238.32","192.168.2.3","UDP","62","17654  >  80 Len=20"
"778","0.506069","0.000048","96.204.198.197","192.168.2.3","UDP","62","17655  >  80 Len=20"
"779","0.506304","0.000235","156.156.180.39","192.168.2.3","UDP","62","17656  >  80 Len=20"
"780","0.507314","0.001010","125.62.229.228","192.168.2.3","UDP","62","17657  >  80 Len=20"
"781","0.507378","0.000064","180.189.107.123","192.168.2.3","UDP","62","17658  >  80 Len=20"
"782","0.508276","0.000898","157.85.185.123","192.168.2.3","UDP","62","17659  >  80 Len=20"
"783","0.541904","0.033628","108.110.125.247","192.168.2.3","UDP","62","17660  >  80 Len=20"
"784","0.541995","0.000091","103.220.181.88","192.168.2.3","UDP","62","17661  >  80 Len=20"
"785","0.542031","0.000036","78.144.39.33","192.168.2.3","UDP","62","17662  >  80 Len=20"
"786","0.542065","0.000034","203.206.188.137","192.168.2.3","UDP","62","17663  >  80 Len=20"
"787","0.542275","0.000210","39.107.187.67","192.168.2.3","UDP","62","17669  >  80 Len=20"
"788","0.542330","0.000055","121.179.36.27","192.168.2.3","UDP","62","17680  >  80 Len=20"
"789","0.542447","0.000117","251.67.67.4","192.168.2.3","UDP","62","17690  >  80 Len=20"
"790","0.542883","0.000436","185.32.21.114","192.168.2.3","UDP","62","17694  >  80 Len=20"
"791","0.542933","0.000050","20.105.89.92","192.168.2.3","UDP","62","17698  >  80 Len=20"
"792","0.542974","0.000041","144.51.189.93","192.168.2.3","UDP","62","17702  >  80 Len=20"
"793","0.561283","0.018309","203.137.19.179","192.168.2.3","UDP","62","17706  >  80 Len=20"
"794","0.561611","0.000328","12.23.31.114","192.168.2.3","UDP","62","17710  >  80 Len=20"
"795","0.561657","0.000046","137.6.188.239","192.168.2.3","UDP","62","17713  >  80 Len=20"
"796","0.561823","0.000166","186.221.119.36","192.168.2.3","UDP","62","18007  >  80 Len=20"
"797","0.561915","0.000092","107.96.137.189","192.168.2.3","UDP","62","18159  >  80 Len=20"
"798","0.562039","0.000124","179.124.209.67","192.168.2.3","UDP","62","18305  >  80 Len=20"
"799","0.562092","0.000053","19.6.2.24","192.168.2.3","UDP","62","18308  >  80 Len=20"
"800","0.562251","0.000159","19.129.100.179","192.168.2.3","UDP","62","18325  >  80 Len=20"
"801","0.562408","0.000157","105.203.107.19","192.168.2.3","UDP","62","18329  >  80 Len=20"
"802","0.562455","0.000047","240.213.151.16","192.168.2.3","UDP","62","18333  >  80 Len=20"
"803","0.575780","0.013325","200.198.187.189","192.168.2.3","UDP","62","18337  >  80 Len=20"
"804","0.575859","0.000079","123.253.185.104","192.168.2.3","UDP","62","18340  >  80 Len=20"
"805","0.575898","0.000039","89.192.235.183","192.168.2.3","UDP","62","18344  >  80 Len=20"
"806","0.575926","0.000028","238.224.201.229","192.168.2.3","UDP","62","18349  >  80 Len=20"
"807","0.576287","0.000361","78.96.98.28","192.168.2.3","UDP","62","18352  >  80 Len=20"
"808","0.576501","0.000214","109.96.183.193","192.168.2.3","UDP","62","18357  >  80 Len=20"
"809","0.576747","0.000246","221.96.66.46","192.168.2.3","UDP","62","18361  >  80 Len=20"
"810","0.576899","0.000152","4.148.28.242","192.168.2.3","UDP","62","18365  >  80 Len=20"
"811","0.577114","0.000215","143.148.77.94","192.168.2.3","UDP","62","18370  >  80 Len=20"
"812","0.577473","0.000359","42.36.90.23","192.168.2.3","UDP","62","18374  >  80 Len=20"
"813","0.577510","0.000037","32.89.231.142","192.168.2.3","UDP","62","18378  >  80 Len=20"
"814","0.577934","0.000424","197.124.197.253","192.168.2.3","UDP","62","18382  >  80 Len=20"
"815","0.578055","0.000121","191.215.73.251","192.168.2.3","UDP","62","18386  >  80 Len=20"
"816","0.604072","0.026017","166.126.157.213","192.168.2.3","UDP","62","18388  >  80 Len=20"
"817","0.614359","0.010287","89.160.85.242","192.168.2.3","UDP","62","18389  >  80 Len=20"
"818","0.614433","0.000074","96.144.14.251","192.168.2.3","UDP","62","18390  >  80 Len=20"
"819","0.614471","0.000038","183.39.207.207","192.168.2.3","UDP","62","18391  >  80 Len=20"
"820","0.614633","0.000162","67.104.119.242","192.168.2.3","UDP","62","18392  >  80 Len=20"
"821","0.614687","0.000054","165.94.21.73","192.168.2.3","UDP","62","18393  >  80 Len=20"
"822","0.614839","0.000152","185.121.197.70","192.168.2.3","UDP","62","18394  >  80 Len=20"
"823","0.614898","0.000059","167.165.85.144","192.168.2.3","UDP","62","18444  >  80 Len=20"
"824","0.615080","0.000182","229.162.21.19","192.168.2.3","UDP","62","18447  >  80 Len=20"
"825","0.615119","0.000039","111.207.191.185","192.168.2.3","UDP","62","18451  >  80 Len=20"
"826","0.615425","0.000306","67.19.213.146","192.168.2.3","UDP","62","18452  >  80 Len=20"
"827","0.615478","0.000053","255.98.253.125","192.168.2.3","UDP","62","18453  >  80 Len=20"
"828","0.615630","0.000152","148.144.200.47","192.168.2.3","UDP","62","18454  >  80 Len=20"
"829","0.615684","0.000054","57.36.148.136","192.168.2.3","UDP","62","18455  >  80 Len=20"
"830","0.615844","0.000160","130.135.179.31","192.168.2.3","UDP","62","18456  >  80 Len=20"
"831","0.615899","0.000055","127.204.150.202","192.168.2.3","UDP","62","18457  >  80 Len=20"
"832","0.616092","0.000193","103.47.62.197","192.168.2.3","UDP","62","18458  >  80 Len=20"
"833","0.616150","0.000058","24.144.70.148","192.168.2.3","UDP","62","18481  >  80 Len=20"
"834","0.616299","0.000149","85.32.181.119","192.168.2.3","UDP","62","18485  >  80 Len=20"
"835","0.616355","0.000056","213.80.101.185","192.168.2.3","UDP","62","18489  >  80 Len=20"
"836","0.616547","0.000192","98.215.114.64","192.168.2.3","UDP","62","18492  >  80 Len=20"
"837","0.616600","0.000053","47.183.21.112","192.168.2.3","UDP","62","18496  >  80 Len=20"
"838","0.616763","0.000163","106.146.11.240","192.168.2.3","UDP","62","18499  >  80 Len=20"
"839","0.616817","0.000054","221.121.32.94","192.168.2.3","UDP","62","18503  >  80 Len=20"
"840","0.617010","0.000193","5.110.229.93","192.168.2.3","UDP","62","18507  >  80 Len=20"
"841","0.617064","0.000054","104.21.187.191","192.168.2.3","UDP","62","18510  >  80 Len=20"
"842","0.617217","0.000153","162.137.206.253","192.168.2.3","UDP","62","19186  >  80 Len=20"
"843","0.617270","0.000053","36.148.238.148","192.168.2.3","UDP","62","19187  >  80 Len=20"
"844","0.617436","0.000166","0.110.32.0","192.168.2.3","UDP","62","19188  >  80 Len=20"
"845","0.617473","0.000037","121.143.211.141","192.168.2.3","UDP","62","19189  >  80 Len=20"
"846","0.617678","0.000205","213.231.159.223","192.168.2.3","UDP","62","19190  >  80 Len=20"
"847","0.617731","0.000053","19.202.112.57","192.168.2.3","UDP","62","19191  >  80 Len=20"
"848","0.617891","0.000160","12.187.53.83","192.168.2.3","UDP","62","19192  >  80 Len=20"
"849","0.617944","0.000053","150.70.156.255","192.168.2.3","UDP","62","19193  >  80 Len=20"
"850","0.618109","0.000165","211.85.89.137","192.168.2.3","UDP","62","19194  >  80 Len=20"
"851","0.618167","0.000058","191.39.70.169","192.168.2.3","UDP","62","19195  >  80 Len=20"
"852","0.618355","0.000188","121.111.36.118","192.168.2.3","UDP","62","19196  >  80 Len=20"
"853","0.628736","0.010381","60.69.223.4","192.168.2.3","UDP","62","19197  >  80 Len=20"
"854","0.628831","0.000095","57.109.191.51","192.168.2.3","UDP","62","19198  >  80 Len=20"
"855","0.628883","0.000052","151.6.92.200","192.168.2.3","UDP","62","19199  >  80 Len=20"
"856","0.629027","0.000144","172.119.206.72","192.168.2.3","UDP","62","19200  >  80 Len=20"
"857","0.629083","0.000056","189.83.78.39","192.168.2.3","UDP","62","19207  >  80 Len=20"
"858","0.629286","0.000203","86.19.239.19","192.168.2.3","UDP","62","19213  >  80 Len=20"
"859","0.629339","0.000053","46.152.165.220","192.168.2.3","UDP","62","19219  >  80 Len=20"
"860","0.630086","0.000747","223.240.137.116","192.168.2.3","UDP","62","19225  >  80 Len=20"
"861","0.630136","0.000050","141.148.124.100","192.168.2.3","UDP","62","19229  >  80 Len=20"
"862","0.630288","0.000152","31.229.110.251","192.168.2.3","UDP","62","19233  >  80 Len=20"
"863","0.630342","0.000054","47.127.39.36","192.168.2.3","UDP","62","19236  >  80 Len=20"
"864","0.630500","0.000158","67.212.85.185","192.168.2.3","UDP","62","19240  >  80 Len=20"
"865","0.630552","0.000052","224.118.137.251","192.168.2.3","UDP","62","19243  >  80 Len=20"
"866","0.630738","0.000186","197.2.109.159","192.168.2.3","UDP","62","19247  >  80 Len=20"
"867","0.630791","0.000053","239.78.239.129","192.168.2.3","UDP","62","19251  >  80 Len=20"
"868","0.630950","0.000159","253.121.172.109","192.168.2.3","UDP","62","19254  >  80 Len=20"
"869","0.630989","0.000039","189.125.67.116","192.168.2.3","UDP","62","19264  >  80 Len=20"
"870","0.631194","0.000205","185.206.181.111","192.168.2.3","UDP","62","19267  >  80 Len=20"
"871","0.631256","0.000062","124.132.238.132","192.168.2.3","UDP","62","19276  >  80 Len=20"
"872","0.631413","0.000157","162.143.157.16","192.168.2.3","UDP","62","19285  >  80 Len=20"
"873","0.631466","0.000053","203.57.180.203","192.168.2.3","UDP","62","19288  >  80 Len=20"
"874","0.633336","0.001870","53.83.85.8","192.168.2.3","UDP","62","19292  >  80 Len=20"
"875","0.633383","0.000047","209.130.249.143","192.168.2.3","UDP","62","19295  >  80 Len=20"
"876","0.633422","0.000039","201.103.251.129","192.168.2.3","UDP","62","19303  >  80 Len=20"
"877","0.633553","0.000131","204.16.104.28","192.168.2.3","UDP","62","19306  >  80 Len=20"
"878","0.633606","0.000053","96.16.85.65","192.168.2.3","UDP","62","19310  >  80 Len=20"
"879","0.633796","0.000190","4.197.192.253","192.168.2.3","UDP","62","19313  >  80 Len=20"
"880","0.633849","0.000053","70.33.206.81","192.168.2.3","UDP","62","19314  >  80 Len=20"
"881","0.634007","0.000158","52.8.166.192","192.168.2.3","UDP","62","19315  >  80 Len=20"
"882","0.634059","0.000052","229.32.70.85","192.168.2.3","UDP","62","19316  >  80 Len=20"
"883","0.634253","0.000194","185.121.152.213","192.168.2.3","UDP","62","19317  >  80 Len=20"
"884","0.634305","0.000052","77.130.240.142","192.168.2.3","UDP","62","19318  >  80 Len=20"
"885","0.634467","0.000162","19.23.228.242","192.168.2.3","UDP","62","19319  >  80 Len=20"
"886","0.634525","0.000058","70.67.57.21","192.168.2.3","UDP","62","19320  >  80 Len=20"
"887","0.634678","0.000153","132.89.187.89","192.168.2.3","UDP","62","19321  >  80 Len=20"
"888","0.634732","0.000054","211.236.255.251","192.168.2.3","UDP","62","19322  >  80 Len=20"
"889","0.634966","0.000234","21.20.2.8","192.168.2.3","UDP","62","19323  >  80 Len=20"
"890","0.635016","0.000050","221.81.236.127","192.168.2.3","UDP","62","19324  >  80 Len=20"
"891","0.635053","0.000037","121.67.111.188","192.168.2.3","UDP","62","19325  >  80 Len=20"
"892","0.635264","0.000211","125.239.105.179","192.168.2.3","UDP","62","19326  >  80 Len=20"
"893","0.635318","0.000054","114.236.52.197","192.168.2.3","UDP","62","19327  >  80 Len=20"
"894","0.635505","0.000187","247.23.172.137","192.168.2.3","UDP","62","19328  >  80 Len=20"
"895","0.635542","0.000037","124.252.251.20","192.168.2.3","UDP","62","19329  >  80 Len=20"
"896","0.635687","0.000145","187.110.143.251","192.168.2.3","UDP","62","19330  >  80 Len=20"
"897","0.635740","0.000053","0.126.31.42","192.168.2.3","UDP","62","19331  >  80 Len=20"
"898","0.636055","0.000315","144.28.55.162","192.168.2.3","UDP","62","19332  >  80 Len=20"
"899","0.636096","0.000041","197.2.32.111","192.168.2.3","UDP","62","19333  >  80 Len=20"
"900","0.636131","0.000035","6.25.67.20","192.168.2.3","UDP","62","19334  >  80 Len=20"
"901","0.639173","0.003042","20.135.239.185","192.168.2.3","UDP","62","19335  >  80 Len=20"
"902","0.639222","0.000049","143.183.12.162","192.168.2.3","UDP","62","19336  >  80 Len=20"
"903","0.639256","0.000034","19.85.146.197","192.168.2.3","UDP","62","19337  >  80 Len=20"
"904","0.639290","0.000034","60.121.30.57","192.168.2.3","UDP","62","19338  >  80 Len=20"
"905","0.639842","0.000552","241.236.162.42","192.168.2.3","UDP","62","19339  >  80 Len=20"
"906","0.639890","0.000048","114.148.242.253","192.168.2.3","UDP","62","19340  >  80 Len=20"
"907","0.639937","0.000047","32.162.78.47","192.168.2.3","UDP","62","19341  >  80 Len=20"
"908","0.639976","0.000039","5.13.137.179","192.168.2.3","UDP","62","19342  >  80 Len=20"
"909","0.640018","0.000042","137.28.132.215","192.168.2.3","UDP","62","19343  >  80 Len=20"
"910","0.640050","0.000032","5.27.6.203","192.168.2.3","UDP","62","19344  >  80 Len=20"
"911","0.640164","0.000114","126.77.25.165","192.168.2.3","UDP","62","19345  >  80 Len=20"
"912","0.640391","0.000227","14.132.215.92","192.168.2.3","UDP","62","19346  >  80 Len=20"
"913","0.640918","0.000527","132.247.64.119","192.168.2.3","UDP","62","19347  >  80 Len=20"
"914","0.640983","0.000065","21.47.52.39","192.168.2.3","UDP","62","19348  >  80 Len=20"
"915","0.641115","0.000132","53.66.110.108","192.168.2.3","UDP","62","19349  >  80 Len=20"
"916","0.641163","0.000048","253.239.137.197","192.168.2.3","UDP","62","19350  >  80 Len=20"
"917","0.641392","0.000229","52.31.6.121","192.168.2.3","UDP","62","19351  >  80 Len=20"
"918","0.641441","0.000049","191.80.179.253","192.168.2.3","UDP","62","19352  >  80 Len=20"
"919","0.641577","0.000136","241.228.51.27","192.168.2.3","UDP","62","19353  >  80 Len=20"
"920","0.641616","0.000039","241.136.137.0","192.168.2.3","UDP","62","19354  >  80 Len=20"
"921","0.641816","0.000200","119.51.223.188","192.168.2.3","UDP","62","19355  >  80 Len=20"
"922","0.641880","0.000064","189.19.142.23","192.168.2.3","UDP","62","19356  >  80 Len=20"
"923","0.643915","0.002035","65.183.47.70","192.168.2.3","UDP","62","19357  >  80 Len=20"
"924","0.643970","0.000055","149.203.157.16","192.168.2.3","UDP","62","19358  >  80 Len=20"
"925","0.644005","0.000035","83.149.73.96","192.168.2.3","UDP","62","19359  >  80 Len=20"
"926","0.644039","0.000034","152.20.187.160","192.168.2.3","UDP","62","19360  >  80 Len=20"
"927","0.644193","0.000154","85.64.13.62","192.168.2.3","UDP","62","19361  >  80 Len=20"
"928","0.644233","0.000040","228.162.224.144","192.168.2.3","UDP","62","19362  >  80 Len=20"
"929","0.644443","0.000210","181.46.144.25","192.168.2.3","UDP","62","19363  >  80 Len=20"
"930","0.644496","0.000053","183.36.6.255","192.168.2.3","UDP","62","19364  >  80 Len=20"
"931","0.644659","0.000163","96.121.185.253","192.168.2.3","UDP","62","19365  >  80 Len=20"
"932","0.644712","0.000053","51.101.8.28","192.168.2.3","UDP","62","19366  >  80 Len=20"
"933","0.644876","0.000164","213.28.242.236","192.168.2.3","UDP","62","19367  >  80 Len=20"
"934","0.644930","0.000054","81.212.67.236","192.168.2.3","UDP","62","19368  >  80 Len=20"
"935","0.645111","0.000181","89.73.252.8","192.168.2.3","UDP","62","19369  >  80 Len=20"
"936","0.645164","0.000053","197.206.166.57","192.168.2.3","UDP","62","19370  >  80 Len=20"
"937","0.645328","0.000164","180.157.142.213","192.168.2.3","UDP","62","19371  >  80 Len=20"
"938","0.645383","0.000055","160.197.202.25","192.168.2.3","UDP","62","19372  >  80 Len=20"
"939","0.645577","0.000194","77.203.144.69","192.168.2.3","UDP","62","19373  >  80 Len=20"
"940","0.645631","0.000054","107.0.33.111","192.168.2.3","UDP","62","19374  >  80 Len=20"
"941","0.688793","0.043162","31.231.36.19","192.168.2.3","UDP","62","19375  >  80 Len=20"
"942","0.688909","0.000116","103.53.213.247","192.168.2.3","UDP","62","19376  >  80 Len=20"
"943","0.688952","0.000043","67.209.16.189","192.168.2.3","UDP","62","19377  >  80 Len=20"
"944","0.689001","0.000049","186.67.213.51","192.168.2.3","UDP","62","19378  >  80 Len=20"
"945","0.689036","0.000035","60.136.203.253","192.168.2.3","UDP","62","19379  >  80 Len=20"
"946","0.689077","0.000041","85.8.111.228","192.168.2.3","UDP","62","19380  >  80 Len=20"
"947","0.689243","0.000166","185.202.206.33","192.168.2.3","UDP","62","19381  >  80 Len=20"
"948","0.689304","0.000061","30.236.107.101","192.168.2.3","UDP","62","19382  >  80 Len=20"
"949","0.689699","0.000395","80.209.109.21","192.168.2.3","UDP","62","19383  >  80 Len=20"
"950","0.689765","0.000066","30.57.16.53","192.168.2.3","UDP","62","19384  >  80 Len=20"
"951","0.689812","0.000047","8.67.32.65","192.168.2.3","UDP","62","19385  >  80 Len=20"
"952","0.689861","0.000049","193.179.215.183","192.168.2.3","UDP","62","19386  >  80 Len=20"
"953","0.689903","0.000042","143.58.223.77","192.168.2.3","UDP","62","19387  >  80 Len=20"
"954","0.690034","0.000131","62.185.189.223","192.168.2.3","UDP","62","19388  >  80 Len=20"
"955","0.690280","0.000246","144.185.143.66","192.168.2.3","UDP","62","19389  >  80 Len=20"
"956","0.690525","0.000245","36.209.141.86","192.168.2.3","UDP","62","19390  >  80 Len=20"
"957","0.690589","0.000064","192.152.215.21","192.168.2.3","UDP","62","19391  >  80 Len=20"
"958","0.690730","0.000141","69.229.183.123","192.168.2.3","UDP","62","19392  >  80 Len=20"
"959","0.690853","0.000123","114.242.67.36","192.168.2.3","UDP","62","19393  >  80 Len=20"
"960","0.690895","0.000042","77.186.104.213","192.168.2.3","UDP","62","19394  >  80 Len=20"
"961","0.691069","0.000174","206.73.253.36","192.168.2.3","UDP","62","19395  >  80 Len=20"
"962","0.691118","0.000049","67.149.16.32","192.168.2.3","UDP","62","19396  >  80 Len=20"
"963","0.691431","0.000313","67.255.67.78","192.168.2.3","UDP","62","19397  >  80 Len=20"
"964","0.691468","0.000037","73.21.167.2","192.168.2.3","UDP","62","19398  >  80 Len=20"
"965","0.691506","0.000038","47.191.220.70","192.168.2.3","UDP","62","19399  >  80 Len=20"
"966","0.695366","0.003860","169.83.19.165","192.168.2.3","UDP","62","19400  >  80 Len=20"
"967","0.719832","0.024466","21.144.14.141","192.168.2.3","UDP","62","19401  >  80 Len=20"
"968","0.719929","0.000097","235.51.72.96","192.168.2.3","UDP","62","19402  >  80 Len=20"
"969","0.719970","0.000041","62.255.70.231","192.168.2.3","UDP","62","19403  >  80 Len=20"
"970","0.720026","0.000056","160.161.14.166","192.168.2.3","UDP","62","19404  >  80 Len=20"
"971","0.720234","0.000208","23.163.0.215","192.168.2.3","UDP","62","19405  >  80 Len=20"
"972","0.720309","0.000075","253.144.96.141","192.168.2.3","UDP","62","19406  >  80 Len=20"
"973","0.720348","0.000039","20.210.157.53","192.168.2.3","UDP","62","19407  >  80 Len=20"
"974","0.720595","0.000247","58.165.144.132","192.168.2.3","UDP","62","19408  >  80 Len=20"
"975","0.720653","0.000058","19.105.162.221","192.168.2.3","UDP","62","19409  >  80 Len=20"
"976","0.723802","0.003149","39.208.58.201","192.168.2.3","UDP","62","19410  >  80 Len=20"
"977","0.723889","0.000087","98.242.159.130","192.168.2.3","UDP","62","19411  >  80 Len=20"
"978","0.724106","0.000217","213.161.152.150","192.168.2.3","UDP","62","19412  >  80 Len=20"
"979","0.724173","0.000067","180.94.171.124","192.168.2.3","UDP","62","19413  >  80 Len=20"
"980","0.724312","0.000139","85.189.32.209","192.168.2.3","UDP","62","19414  >  80 Len=20"
"981","0.724374","0.000062","211.8.78.204","192.168.2.3","UDP","62","19415  >  80 Len=20"
"982","0.724552","0.000178","198.105.111.52","192.168.2.3","UDP","62","19416  >  80 Len=20"
"983","0.724597","0.000045","111.70.135.19","192.168.2.3","UDP","62","19417  >  80 Len=20"
"984","0.724766","0.000169","57.67.251.104","192.168.2.3","UDP","62","19418  >  80 Len=20"
"985","0.724881","0.000115","160.16.148.108","192.168.2.3","UDP","62","19419  >  80 Len=20"
"986","0.724978","0.000097","249.64.111.215","192.168.2.3","UDP","62","19420  >  80 Len=20"
"987","0.725097","0.000119","12.109.14.191","192.168.2.3","UDP","62","19421  >  80 Len=20"
"988","0.725190","0.000093","186.78.72.73","192.168.2.3","UDP","62","19422  >  80 Len=20"
"989","0.725311","0.000121","187.121.197.33","192.168.2.3","UDP","62","19423  >  80 Len=20"
"990","0.725431","0.000120","143.106.185.8","192.168.2.3","UDP","62","19424  >  80 Len=20"
"991","0.725551","0.000120","208.125.191.100","192.168.2.3","UDP","62","19425  >  80 Len=20"
"992","0.725645","0.000094","189.124.12.228","192.168.2.3","UDP","62","19426  >  80 Len=20"
"993","0.725769","0.000124","85.163.47.136","192.168.2.3","UDP","62","19427  >  80 Len=20"
"994","0.725891","0.000122","96.58.179.58","192.168.2.3","UDP","62","19428  >  80 Len=20"
"995","0.725981","0.000090","137.85.57.188","192.168.2.3","UDP","62","19429  >  80 Len=20"
"996","0.726105","0.000124","240.189.165.213","192.168.2.3","UDP","62","19430  >  80 Len=20"
"997","0.726227","0.000122","121.121.146.110","192.168.2.3","UDP","62","19431  >  80 Len=20"
"998","0.726345","0.000118","249.78.200.188","192.168.2.3","UDP","62","19432  >  80 Len=20"
"999","0.726446","0.000101","201.14.125.85","192.168.2.3","UDP","62","19433  >  80 Len=20"
"1000","0.726562","0.000116","36.101.66.159","192.168.2.3","UDP","62","19434  >  80 Len=20"
